geoid,avg_vac_r,SourceFile
06001427100,1233.78,usps_vac_032019_tractsum_2kx.dbf
06001427600,1199.75,usps_vac_032019_tractsum_2kx.dbf
06001428100,1199.6,usps_vac_032019_tractsum_2kx.dbf
06001428301,1096.5,usps_vac_032019_tractsum_2kx.dbf
06001433700,2148.3,usps_vac_032019_tractsum_2kx.dbf
06001435300,1079.43,usps_vac_032019_tractsum_2kx.dbf
06001436700,1261.0,usps_vac_032019_tractsum_2kx.dbf
06001436300,1129.75,usps_vac_032019_tractsum_2kx.dbf
06001435102,1261.0,usps_vac_032019_tractsum_2kx.dbf
06001437600,809.8,usps_vac_032019_tractsum_2kx.dbf
06001437701,995.0,usps_vac_032019_tractsum_2kx.dbf
06001438000,621.17,usps_vac_032019_tractsum_2kx.dbf
06001434000,1752.47,usps_vac_032019_tractsum_2kx.dbf
06001442301,1082.5,usps_vac_032019_tractsum_2kx.dbf
06001443104,958.75,usps_vac_032019_tractsum_2kx.dbf
06001430300,0.0,usps_vac_032019_tractsum_2kx.dbf
06001431100,0.0,usps_vac_032019_tractsum_2kx.dbf
06001451202,1719.88,usps_vac_032019_tractsum_2kx.dbf
06001430101,1261.0,usps_vac_032019_tractsum_2kx.dbf
06001433300,1100.0,usps_vac_032019_tractsum_2kx.dbf
06001433500,1254.17,usps_vac_032019_tractsum_2kx.dbf
06001435800,1140.67,usps_vac_032019_tractsum_2kx.dbf
06001406100,1170.0,usps_vac_032019_tractsum_2kx.dbf
06001407200,1261.0,usps_vac_032019_tractsum_2kx.dbf
06001450745,0.0,usps_vac_032019_tractsum_2kx.dbf
06001407400,817.67,usps_vac_032019_tractsum_2kx.dbf
06001404700,1042.6,usps_vac_032019_tractsum_2kx.dbf
06001409100,690.44,usps_vac_032019_tractsum_2kx.dbf
06001432502,1181.67,usps_vac_032019_tractsum_2kx.dbf
06001433000,1215.5,usps_vac_032019_tractsum_2kx.dbf
06001404502,823.8,usps_vac_032019_tractsum_2kx.dbf
06001402600,1261.0,usps_vac_032019_tractsum_2kx.dbf
06001424001,2593.14,usps_vac_032019_tractsum_2kx.dbf
06001425104,519.75,usps_vac_032019_tractsum_2kx.dbf
06001400400,1261.0,usps_vac_032019_tractsum_2kx.dbf
06001403502,968.25,usps_vac_032019_tractsum_2kx.dbf
06001404400,958.62,usps_vac_032019_tractsum_2kx.dbf
06001426200,1261.0,usps_vac_032019_tractsum_2kx.dbf
06001421900,1151.92,usps_vac_032019_tractsum_2kx.dbf
06001422500,1261.0,usps_vac_032019_tractsum_2kx.dbf
06001427900,1173.9,usps_vac_032019_tractsum_2kx.dbf
06001427700,759.81,usps_vac_032019_tractsum_2kx.dbf
06001441100,1188.38,usps_vac_032019_tractsum_2kx.dbf
06001438201,729.0,usps_vac_032019_tractsum_2kx.dbf
06001437300,1261.0,usps_vac_032019_tractsum_2kx.dbf
06001443200,700.5,usps_vac_032019_tractsum_2kx.dbf
06001443301,479.5,usps_vac_032019_tractsum_2kx.dbf
06001441302,79.5,usps_vac_032019_tractsum_2kx.dbf
06001441800,168.0,usps_vac_032019_tractsum_2kx.dbf
06001442602,896.67,usps_vac_032019_tractsum_2kx.dbf
06001441923,1209.78,usps_vac_032019_tractsum_2kx.dbf
06001441927,0.0,usps_vac_032019_tractsum_2kx.dbf
06001430102,1261.0,usps_vac_032019_tractsum_2kx.dbf
06001441521,1261.0,usps_vac_032019_tractsum_2kx.dbf
06001441401,672.0,usps_vac_032019_tractsum_2kx.dbf
06001440335,871.8,usps_vac_032019_tractsum_2kx.dbf
06001440305,322.0,usps_vac_032019_tractsum_2kx.dbf
06001444301,2255.67,usps_vac_032019_tractsum_2kx.dbf
06001444200,2180.75,usps_vac_032019_tractsum_2kx.dbf
06001406202,1261.0,usps_vac_032019_tractsum_2kx.dbf
06001450743,0.0,usps_vac_032019_tractsum_2kx.dbf
06001404800,1261.0,usps_vac_032019_tractsum_2kx.dbf
06001406602,1079.0,usps_vac_032019_tractsum_2kx.dbf
06001406601,1145.5,usps_vac_032019_tractsum_2kx.dbf
06001409900,1130.33,usps_vac_032019_tractsum_2kx.dbf
06001405902,1230.23,usps_vac_032019_tractsum_2kx.dbf
06001450501,0.0,usps_vac_032019_tractsum_2kx.dbf
06001450300,0.0,usps_vac_032019_tractsum_2kx.dbf
06001432100,1156.0,usps_vac_032019_tractsum_2kx.dbf
06001433102,1261.0,usps_vac_032019_tractsum_2kx.dbf
06001402400,617.94,usps_vac_032019_tractsum_2kx.dbf
06001403100,1194.5,usps_vac_032019_tractsum_2kx.dbf
06001400600,1261.0,usps_vac_032019_tractsum_2kx.dbf
06001403701,1261.0,usps_vac_032019_tractsum_2kx.dbf
06001422300,1261.0,usps_vac_032019_tractsum_2kx.dbf
06001404101,1169.36,usps_vac_032019_tractsum_2kx.dbf
06001400200,1261.0,usps_vac_032019_tractsum_2kx.dbf
06001421400,1261.0,usps_vac_032019_tractsum_2kx.dbf
06001436100,993.14,usps_vac_032019_tractsum_2kx.dbf
06001436900,1261.0,usps_vac_032019_tractsum_2kx.dbf
06001437800,697.0,usps_vac_032019_tractsum_2kx.dbf
06001436601,887.77,usps_vac_032019_tractsum_2kx.dbf
06001438203,885.0,usps_vac_032019_tractsum_2kx.dbf
06001438100,1261.0,usps_vac_032019_tractsum_2kx.dbf
06001437200,479.38,usps_vac_032019_tractsum_2kx.dbf
06001441602,769.17,usps_vac_032019_tractsum_2kx.dbf
06001442601,168.0,usps_vac_032019_tractsum_2kx.dbf
06001443002,1261.0,usps_vac_032019_tractsum_2kx.dbf
06001442200,1073.63,usps_vac_032019_tractsum_2kx.dbf
06001430600,0.0,usps_vac_032019_tractsum_2kx.dbf
06001430200,161.0,usps_vac_032019_tractsum_2kx.dbf
06001451102,336.0,usps_vac_032019_tractsum_2kx.dbf
06001451201,897.0,usps_vac_032019_tractsum_2kx.dbf
06001450601,1115.75,usps_vac_032019_tractsum_2kx.dbf
06001441402,651.0,usps_vac_032019_tractsum_2kx.dbf
06001450502,0.0,usps_vac_032019_tractsum_2kx.dbf
06001450751,336.0,usps_vac_032019_tractsum_2kx.dbf
06001433600,918.0,usps_vac_032019_tractsum_2kx.dbf
06001444500,90.0,usps_vac_032019_tractsum_2kx.dbf
06001406400,686.5,usps_vac_032019_tractsum_2kx.dbf
06001409400,418.33,usps_vac_032019_tractsum_2kx.dbf
06001409000,862.0,usps_vac_032019_tractsum_2kx.dbf
06001408500,1200.33,usps_vac_032019_tractsum_2kx.dbf
06001410000,1181.67,usps_vac_032019_tractsum_2kx.dbf
06001405500,1182.47,usps_vac_032019_tractsum_2kx.dbf
06001405700,0.0,usps_vac_032019_tractsum_2kx.dbf
06001426100,0.0,usps_vac_032019_tractsum_2kx.dbf
06001450607,582.09,usps_vac_032019_tractsum_2kx.dbf
06001450746,434.0,usps_vac_032019_tractsum_2kx.dbf
06001450200,1261.0,usps_vac_032019_tractsum_2kx.dbf
06001450102,1261.0,usps_vac_032019_tractsum_2kx.dbf
06001432300,1215.5,usps_vac_032019_tractsum_2kx.dbf
06001433104,1826.5,usps_vac_032019_tractsum_2kx.dbf
06001404102,870.67,usps_vac_032019_tractsum_2kx.dbf
06001404300,1107.0,usps_vac_032019_tractsum_2kx.dbf
06001406900,680.0,usps_vac_032019_tractsum_2kx.dbf
06001408800,112.0,usps_vac_032019_tractsum_2kx.dbf
06001422100,2763.67,usps_vac_032019_tractsum_2kx.dbf
06001423300,657.6,usps_vac_032019_tractsum_2kx.dbf
06001421600,891.46,usps_vac_032019_tractsum_2kx.dbf
06001428400,498.0,usps_vac_032019_tractsum_2kx.dbf
06001427200,2442.31,usps_vac_032019_tractsum_2kx.dbf
06001427800,1255.08,usps_vac_032019_tractsum_2kx.dbf
06001441200,1147.0,usps_vac_032019_tractsum_2kx.dbf
06001451101,1093.74,usps_vac_032019_tractsum_2kx.dbf
06001435700,1699.0,usps_vac_032019_tractsum_2kx.dbf
06001437500,4026.0,usps_vac_032019_tractsum_2kx.dbf
06001436800,3662.0,usps_vac_032019_tractsum_2kx.dbf
06001438204,477.8,usps_vac_032019_tractsum_2kx.dbf
06001437000,1261.0,usps_vac_032019_tractsum_2kx.dbf
06001437102,327.86,usps_vac_032019_tractsum_2kx.dbf
06001442500,925.0,usps_vac_032019_tractsum_2kx.dbf
06001442400,1261.0,usps_vac_032019_tractsum_2kx.dbf
06001441921,1261.0,usps_vac_032019_tractsum_2kx.dbf
06001442100,383.25,usps_vac_032019_tractsum_2kx.dbf
06001443105,879.5,usps_vac_032019_tractsum_2kx.dbf
06001443103,433.0,usps_vac_032019_tractsum_2kx.dbf
06001451601,1082.0,usps_vac_032019_tractsum_2kx.dbf
06001441522,0.0,usps_vac_032019_tractsum_2kx.dbf
06001441524,1261.0,usps_vac_032019_tractsum_2kx.dbf
06001440100,1261.0,usps_vac_032019_tractsum_2kx.dbf
06001440307,923.86,usps_vac_032019_tractsum_2kx.dbf
06001440200,722.56,usps_vac_032019_tractsum_2kx.dbf
06001440306,0.0,usps_vac_032019_tractsum_2kx.dbf
06001444400,2669.4,usps_vac_032019_tractsum_2kx.dbf
06001406201,1219.93,usps_vac_032019_tractsum_2kx.dbf
06001406300,1261.0,usps_vac_032019_tractsum_2kx.dbf
06001407300,1261.0,usps_vac_032019_tractsum_2kx.dbf
06001441501,799.0,usps_vac_032019_tractsum_2kx.dbf
06001406000,1060.08,usps_vac_032019_tractsum_2kx.dbf
06001407500,1148.94,usps_vac_032019_tractsum_2kx.dbf
06001406700,1261.0,usps_vac_032019_tractsum_2kx.dbf
06001406800,1261.0,usps_vac_032019_tractsum_2kx.dbf
06001409600,1032.86,usps_vac_032019_tractsum_2kx.dbf
06001409700,1170.0,usps_vac_032019_tractsum_2kx.dbf
06001403400,1123.97,usps_vac_032019_tractsum_2kx.dbf
06001408700,1187.09,usps_vac_032019_tractsum_2kx.dbf
06001408200,1198.0,usps_vac_032019_tractsum_2kx.dbf
06001405402,1261.0,usps_vac_032019_tractsum_2kx.dbf
06001405800,1174.4,usps_vac_032019_tractsum_2kx.dbf
06001432700,1687.13,usps_vac_032019_tractsum_2kx.dbf
06001401700,881.4,usps_vac_032019_tractsum_2kx.dbf
06001401600,1261.0,usps_vac_032019_tractsum_2kx.dbf
06001410500,1177.87,usps_vac_032019_tractsum_2kx.dbf
06001401500,751.5,usps_vac_032019_tractsum_2kx.dbf
06001423902,2439.57,usps_vac_032019_tractsum_2kx.dbf
06001400300,1231.13,usps_vac_032019_tractsum_2kx.dbf
06001401200,0.0,usps_vac_032019_tractsum_2kx.dbf
06001403900,1168.6,usps_vac_032019_tractsum_2kx.dbf
06001403702,977.15,usps_vac_032019_tractsum_2kx.dbf
06001404000,1261.0,usps_vac_032019_tractsum_2kx.dbf
06001424002,1067.96,usps_vac_032019_tractsum_2kx.dbf
06001404200,1261.0,usps_vac_032019_tractsum_2kx.dbf
06001402900,1190.89,usps_vac_032019_tractsum_2kx.dbf
06001408900,540.0,usps_vac_032019_tractsum_2kx.dbf
06001422600,0.0,usps_vac_032019_tractsum_2kx.dbf
06001422400,1057.33,usps_vac_032019_tractsum_2kx.dbf
06001423400,1261.0,usps_vac_032019_tractsum_2kx.dbf
06001420300,677.0,usps_vac_032019_tractsum_2kx.dbf
06001420200,1073.0,usps_vac_032019_tractsum_2kx.dbf
06001420400,1261.0,usps_vac_032019_tractsum_2kx.dbf
06001421300,1261.0,usps_vac_032019_tractsum_2kx.dbf
06001428600,561.38,usps_vac_032019_tractsum_2kx.dbf
06001435500,1512.36,usps_vac_032019_tractsum_2kx.dbf
06001435602,1086.0,usps_vac_032019_tractsum_2kx.dbf
06001435601,1261.0,usps_vac_032019_tractsum_2kx.dbf
06001436402,0.0,usps_vac_032019_tractsum_2kx.dbf
06001437400,1261.0,usps_vac_032019_tractsum_2kx.dbf
06001437900,0.0,usps_vac_032019_tractsum_2kx.dbf
06001441301,1000.0,usps_vac_032019_tractsum_2kx.dbf
06001441601,1199.4,usps_vac_032019_tractsum_2kx.dbf
06001443001,1261.0,usps_vac_032019_tractsum_2kx.dbf
06001443102,1261.0,usps_vac_032019_tractsum_2kx.dbf
06001430400,0.0,usps_vac_032019_tractsum_2kx.dbf
06001430700,0.0,usps_vac_032019_tractsum_2kx.dbf
06001451504,690.0,usps_vac_032019_tractsum_2kx.dbf
06001450752,1973.67,usps_vac_032019_tractsum_2kx.dbf
06001440333,0.0,usps_vac_032019_tractsum_2kx.dbf
06001440331,975.5,usps_vac_032019_tractsum_2kx.dbf
06001440304,736.0,usps_vac_032019_tractsum_2kx.dbf
06001440336,804.8,usps_vac_032019_tractsum_2kx.dbf
06001433103,1069.47,usps_vac_032019_tractsum_2kx.dbf
06001410400,973.0,usps_vac_032019_tractsum_2kx.dbf
06001408300,1174.45,usps_vac_032019_tractsum_2kx.dbf
06001408400,1227.0,usps_vac_032019_tractsum_2kx.dbf
06001405401,1179.0,usps_vac_032019_tractsum_2kx.dbf
06001405901,1040.14,usps_vac_032019_tractsum_2kx.dbf
06001407800,825.25,usps_vac_032019_tractsum_2kx.dbf
06001450750,1261.0,usps_vac_032019_tractsum_2kx.dbf
06001432200,2154.67,usps_vac_032019_tractsum_2kx.dbf
06001401400,685.64,usps_vac_032019_tractsum_2kx.dbf
06001403000,821.39,usps_vac_032019_tractsum_2kx.dbf
06001400500,0.0,usps_vac_032019_tractsum_2kx.dbf
06001401100,897.0,usps_vac_032019_tractsum_2kx.dbf
06001404501,700.33,usps_vac_032019_tractsum_2kx.dbf
06001421700,1003.0,usps_vac_032019_tractsum_2kx.dbf
06001423500,1192.56,usps_vac_032019_tractsum_2kx.dbf
06001422800,526.29,usps_vac_032019_tractsum_2kx.dbf
06001422700,1184.83,usps_vac_032019_tractsum_2kx.dbf
06001423601,977.5,usps_vac_032019_tractsum_2kx.dbf
06001428700,1206.4,usps_vac_032019_tractsum_2kx.dbf
06001427300,1220.17,usps_vac_032019_tractsum_2kx.dbf
06001428000,1068.5,usps_vac_032019_tractsum_2kx.dbf
06001431200,0.0,usps_vac_032019_tractsum_2kx.dbf
06001436200,1261.0,usps_vac_032019_tractsum_2kx.dbf
06001436602,4026.0,usps_vac_032019_tractsum_2kx.dbf
06001437702,133.0,usps_vac_032019_tractsum_2kx.dbf
06001435104,1083.67,usps_vac_032019_tractsum_2kx.dbf
06001443321,83.5,usps_vac_032019_tractsum_2kx.dbf
06001442700,1261.0,usps_vac_032019_tractsum_2kx.dbf
06001442800,0.0,usps_vac_032019_tractsum_2kx.dbf
06001441926,0.0,usps_vac_032019_tractsum_2kx.dbf
06001442900,847.33,usps_vac_032019_tractsum_2kx.dbf
06001430800,0.0,usps_vac_032019_tractsum_2kx.dbf
06001431000,0.0,usps_vac_032019_tractsum_2kx.dbf
06001451505,3289.0,usps_vac_032019_tractsum_2kx.dbf
06001451503,2941.6,usps_vac_032019_tractsum_2kx.dbf
06001451506,0.0,usps_vac_032019_tractsum_2kx.dbf
06001451704,1736.67,usps_vac_032019_tractsum_2kx.dbf
06001451401,1020.7,usps_vac_032019_tractsum_2kx.dbf
06001433400,1196.0,usps_vac_032019_tractsum_2kx.dbf
06001440308,782.0,usps_vac_032019_tractsum_2kx.dbf
06001440334,394.36,usps_vac_032019_tractsum_2kx.dbf
06001407101,795.25,usps_vac_032019_tractsum_2kx.dbf
06001450744,735.6,usps_vac_032019_tractsum_2kx.dbf
06001450604,1261.0,usps_vac_032019_tractsum_2kx.dbf
06001407700,956.71,usps_vac_032019_tractsum_2kx.dbf
06001410200,1117.38,usps_vac_032019_tractsum_2kx.dbf
06001409300,724.75,usps_vac_032019_tractsum_2kx.dbf
06001409200,1053.06,usps_vac_032019_tractsum_2kx.dbf
06001409800,1221.33,usps_vac_032019_tractsum_2kx.dbf
06001410100,1225.13,usps_vac_032019_tractsum_2kx.dbf
06001405600,1248.11,usps_vac_032019_tractsum_2kx.dbf
06001408000,0.0,usps_vac_032019_tractsum_2kx.dbf
06001450606,624.0,usps_vac_032019_tractsum_2kx.dbf
06001450742,1211.0,usps_vac_032019_tractsum_2kx.dbf
06001432400,1250.23,usps_vac_032019_tractsum_2kx.dbf
06001981900,0.0,usps_vac_032019_tractsum_2kx.dbf
06001982000,0.0,usps_vac_032019_tractsum_2kx.dbf
06001400800,465.5,usps_vac_032019_tractsum_2kx.dbf
06001403600,1158.33,usps_vac_032019_tractsum_2kx.dbf
06001400100,1158.8,usps_vac_032019_tractsum_2kx.dbf
06001422200,1261.0,usps_vac_032019_tractsum_2kx.dbf
06001420600,1261.0,usps_vac_032019_tractsum_2kx.dbf
06001421500,865.78,usps_vac_032019_tractsum_2kx.dbf
06001428200,1705.87,usps_vac_032019_tractsum_2kx.dbf
06001428302,1215.5,usps_vac_032019_tractsum_2kx.dbf
06001437101,520.6,usps_vac_032019_tractsum_2kx.dbf
06001441503,172.57,usps_vac_032019_tractsum_2kx.dbf
06001435400,1625.5,usps_vac_032019_tractsum_2kx.dbf
06001436401,1261.0,usps_vac_032019_tractsum_2kx.dbf
06001436500,1524.7,usps_vac_032019_tractsum_2kx.dbf
06001442302,1261.0,usps_vac_032019_tractsum_2kx.dbf
06001441925,0.0,usps_vac_032019_tractsum_2kx.dbf
06001442000,0.0,usps_vac_032019_tractsum_2kx.dbf
06001443322,0.0,usps_vac_032019_tractsum_2kx.dbf
06001438400,1261.0,usps_vac_032019_tractsum_2kx.dbf
06001451602,2125.5,usps_vac_032019_tractsum_2kx.dbf
06001430500,1261.0,usps_vac_032019_tractsum_2kx.dbf
06001430900,0.0,usps_vac_032019_tractsum_2kx.dbf
06001451701,126.0,usps_vac_032019_tractsum_2kx.dbf
06001451404,2570.14,usps_vac_032019_tractsum_2kx.dbf
06001440332,666.0,usps_vac_032019_tractsum_2kx.dbf
06001435900,4906.0,usps_vac_032019_tractsum_2kx.dbf
06001436000,1710.8,usps_vac_032019_tractsum_2kx.dbf
06001433900,1081.13,usps_vac_032019_tractsum_2kx.dbf
06001433200,1428.63,usps_vac_032019_tractsum_2kx.dbf
06001444100,1098.0,usps_vac_032019_tractsum_2kx.dbf
06001444601,543.0,usps_vac_032019_tractsum_2kx.dbf
06001450605,0.0,usps_vac_032019_tractsum_2kx.dbf
06001407600,810.75,usps_vac_032019_tractsum_2kx.dbf
06001405000,1261.0,usps_vac_032019_tractsum_2kx.dbf
06001410300,1261.0,usps_vac_032019_tractsum_2kx.dbf
06001408100,1164.17,usps_vac_032019_tractsum_2kx.dbf
06001405200,1087.3,usps_vac_032019_tractsum_2kx.dbf
06001450741,1198.0,usps_vac_032019_tractsum_2kx.dbf
06001450101,1057.93,usps_vac_032019_tractsum_2kx.dbf
06001432501,1207.1,usps_vac_032019_tractsum_2kx.dbf
06001432600,1186.5,usps_vac_032019_tractsum_2kx.dbf
06001432800,1261.0,usps_vac_032019_tractsum_2kx.dbf
06001402500,1261.0,usps_vac_032019_tractsum_2kx.dbf
06001425103,484.4,usps_vac_032019_tractsum_2kx.dbf
06001400700,552.08,usps_vac_032019_tractsum_2kx.dbf
06001425102,500.0,usps_vac_032019_tractsum_2kx.dbf
06001400900,581.4,usps_vac_032019_tractsum_2kx.dbf
06001403800,1261.0,usps_vac_032019_tractsum_2kx.dbf
06001403501,1182.93,usps_vac_032019_tractsum_2kx.dbf
06001402800,1153.67,usps_vac_032019_tractsum_2kx.dbf
06001422900,1267.71,usps_vac_032019_tractsum_2kx.dbf
06001421800,1261.0,usps_vac_032019_tractsum_2kx.dbf
06001423800,1261.0,usps_vac_032019_tractsum_2kx.dbf
06001423000,1066.12,usps_vac_032019_tractsum_2kx.dbf
06001423100,891.74,usps_vac_032019_tractsum_2kx.dbf
06001420500,1184.7,usps_vac_032019_tractsum_2kx.dbf
06001423200,2914.78,usps_vac_032019_tractsum_2kx.dbf
06001422000,1261.0,usps_vac_032019_tractsum_2kx.dbf
06001451403,0.0,usps_vac_032019_tractsum_2kx.dbf
06001404900,1261.0,usps_vac_032019_tractsum_2kx.dbf
06001450400,1261.0,usps_vac_032019_tractsum_2kx.dbf
06001451300,1581.0,usps_vac_032019_tractsum_2kx.dbf
06001428500,1119.25,usps_vac_032019_tractsum_2kx.dbf
06001983200,1016.0,usps_vac_032019_tractsum_2kx.dbf
06001444302,3300.0,usps_vac_032019_tractsum_2kx.dbf
06001402700,1012.55,usps_vac_032019_tractsum_2kx.dbf
06001420100,1261.0,usps_vac_032019_tractsum_2kx.dbf
06001435200,1261.0,usps_vac_032019_tractsum_2kx.dbf
06001405302,1001.67,usps_vac_032019_tractsum_2kx.dbf
06001450602,1152.89,usps_vac_032019_tractsum_2kx.dbf
06001407102,1261.0,usps_vac_032019_tractsum_2kx.dbf
06001401300,1228.8,usps_vac_032019_tractsum_2kx.dbf
06001423901,3528.0,usps_vac_032019_tractsum_2kx.dbf
06001441523,168.0,usps_vac_032019_tractsum_2kx.dbf
06001406500,0.0,usps_vac_032019_tractsum_2kx.dbf
06001423602,1261.0,usps_vac_032019_tractsum_2kx.dbf
06001401800,1212.0,usps_vac_032019_tractsum_2kx.dbf
06001425101,154.0,usps_vac_032019_tractsum_2kx.dbf
06001405301,1103.88,usps_vac_032019_tractsum_2kx.dbf
06001451501,879.25,usps_vac_032019_tractsum_2kx.dbf
06001451703,147.0,usps_vac_032019_tractsum_2kx.dbf
06001421200,1261.0,usps_vac_032019_tractsum_2kx.dbf
06001440301,1173.56,usps_vac_032019_tractsum_2kx.dbf
06001405100,1778.75,usps_vac_032019_tractsum_2kx.dbf
06001409500,0.0,usps_vac_032019_tractsum_2kx.dbf
06001401000,1021.87,usps_vac_032019_tractsum_2kx.dbf
06001404600,518.14,usps_vac_032019_tractsum_2kx.dbf
06001407000,755.6,usps_vac_032019_tractsum_2kx.dbf
06001407900,0.0,usps_vac_032019_tractsum_2kx.dbf
06001421100,932.0,usps_vac_032019_tractsum_2kx.dbf
06001435103,1261.0,usps_vac_032019_tractsum_2kx.dbf
06001402200,1067.74,usps_vac_032019_tractsum_2kx.dbf
06001444602,168.0,usps_vac_032019_tractsum_2kx.dbf
06001441700,1205.0,usps_vac_032019_tractsum_2kx.dbf
06001403300,734.76,usps_vac_032019_tractsum_2kx.dbf
06001441924,1065.0,usps_vac_032019_tractsum_2kx.dbf
06001450603,0.0,usps_vac_032019_tractsum_2kx.dbf
06001433800,1603.21,usps_vac_032019_tractsum_2kx.dbf
06001423700,1185.4,usps_vac_032019_tractsum_2kx.dbf
06001438300,303.57,usps_vac_032019_tractsum_2kx.dbf
06001450701,1173.5,usps_vac_032019_tractsum_2kx.dbf
06001408600,937.73,usps_vac_032019_tractsum_2kx.dbf
06001421900,1242.92,usps_vac_062019_tractsum_2kx.dbf
06001422500,1352.0,usps_vac_062019_tractsum_2kx.dbf
06001451202,1810.88,usps_vac_062019_tractsum_2kx.dbf
06001436700,1352.0,usps_vac_062019_tractsum_2kx.dbf
06001437600,900.8,usps_vac_062019_tractsum_2kx.dbf
06001435300,1193.13,usps_vac_062019_tractsum_2kx.dbf
06001435102,1352.0,usps_vac_062019_tractsum_2kx.dbf
06001436300,1155.13,usps_vac_062019_tractsum_2kx.dbf
06001437701,1086.0,usps_vac_062019_tractsum_2kx.dbf
06001430101,1352.0,usps_vac_062019_tractsum_2kx.dbf
06001442301,1173.5,usps_vac_062019_tractsum_2kx.dbf
06001443104,1174.86,usps_vac_062019_tractsum_2kx.dbf
06001427600,1270.33,usps_vac_062019_tractsum_2kx.dbf
06001428100,1290.6,usps_vac_062019_tractsum_2kx.dbf
06001427100,1317.0,usps_vac_062019_tractsum_2kx.dbf
06001433000,1306.5,usps_vac_062019_tractsum_2kx.dbf
06001407200,1352.0,usps_vac_062019_tractsum_2kx.dbf
06001433300,1191.0,usps_vac_062019_tractsum_2kx.dbf
06001403502,1059.25,usps_vac_062019_tractsum_2kx.dbf
06001404502,914.8,usps_vac_062019_tractsum_2kx.dbf
06001435800,1231.67,usps_vac_062019_tractsum_2kx.dbf
06001433500,1345.17,usps_vac_062019_tractsum_2kx.dbf
06001406100,1279.2,usps_vac_062019_tractsum_2kx.dbf
06001424001,2623.59,usps_vac_062019_tractsum_2kx.dbf
06001425104,610.75,usps_vac_062019_tractsum_2kx.dbf
06001404700,1157.75,usps_vac_062019_tractsum_2kx.dbf
06001404400,1049.62,usps_vac_062019_tractsum_2kx.dbf
06001400400,1352.0,usps_vac_062019_tractsum_2kx.dbf
06001426200,1352.0,usps_vac_062019_tractsum_2kx.dbf
06001450745,0.0,usps_vac_062019_tractsum_2kx.dbf
06001430300,0.0,usps_vac_062019_tractsum_2kx.dbf
06001431100,0.0,usps_vac_062019_tractsum_2kx.dbf
06001433700,2239.3,usps_vac_062019_tractsum_2kx.dbf
06001438000,864.33,usps_vac_062019_tractsum_2kx.dbf
06001428301,1187.5,usps_vac_062019_tractsum_2kx.dbf
06001434000,1843.47,usps_vac_062019_tractsum_2kx.dbf
06001407400,1019.5,usps_vac_062019_tractsum_2kx.dbf
06001432502,1272.67,usps_vac_062019_tractsum_2kx.dbf
06001409100,818.44,usps_vac_062019_tractsum_2kx.dbf
06001402600,1352.0,usps_vac_062019_tractsum_2kx.dbf
06001442602,987.67,usps_vac_062019_tractsum_2kx.dbf
06001441100,1279.38,usps_vac_062019_tractsum_2kx.dbf
06001441521,1352.0,usps_vac_062019_tractsum_2kx.dbf
06001441401,763.0,usps_vac_062019_tractsum_2kx.dbf
06001441923,1245.55,usps_vac_062019_tractsum_2kx.dbf
06001450300,0.0,usps_vac_062019_tractsum_2kx.dbf
06001444200,2996.67,usps_vac_062019_tractsum_2kx.dbf
06001441302,174.0,usps_vac_062019_tractsum_2kx.dbf
06001441800,259.0,usps_vac_062019_tractsum_2kx.dbf
06001444301,2346.67,usps_vac_062019_tractsum_2kx.dbf
06001450501,0.0,usps_vac_062019_tractsum_2kx.dbf
06001427700,819.38,usps_vac_062019_tractsum_2kx.dbf
06001427900,1260.32,usps_vac_062019_tractsum_2kx.dbf
06001409900,1221.33,usps_vac_062019_tractsum_2kx.dbf
06001402400,672.94,usps_vac_062019_tractsum_2kx.dbf
06001406202,1352.0,usps_vac_062019_tractsum_2kx.dbf
06001406602,1170.0,usps_vac_062019_tractsum_2kx.dbf
06001450743,0.0,usps_vac_062019_tractsum_2kx.dbf
06001406601,1236.5,usps_vac_062019_tractsum_2kx.dbf
06001403100,538.8,usps_vac_062019_tractsum_2kx.dbf
06001440305,413.0,usps_vac_062019_tractsum_2kx.dbf
06001404101,1301.6,usps_vac_062019_tractsum_2kx.dbf
06001400600,905.67,usps_vac_062019_tractsum_2kx.dbf
06001403701,1352.0,usps_vac_062019_tractsum_2kx.dbf
06001443200,791.5,usps_vac_062019_tractsum_2kx.dbf
06001438201,820.0,usps_vac_062019_tractsum_2kx.dbf
06001437300,1352.0,usps_vac_062019_tractsum_2kx.dbf
06001441927,0.0,usps_vac_062019_tractsum_2kx.dbf
06001443301,570.5,usps_vac_062019_tractsum_2kx.dbf
06001400200,1352.0,usps_vac_062019_tractsum_2kx.dbf
06001433102,1017.25,usps_vac_062019_tractsum_2kx.dbf
06001405902,1138.34,usps_vac_062019_tractsum_2kx.dbf
06001440335,962.8,usps_vac_062019_tractsum_2kx.dbf
06001404800,1352.0,usps_vac_062019_tractsum_2kx.dbf
06001421400,1352.0,usps_vac_062019_tractsum_2kx.dbf
06001422300,1352.0,usps_vac_062019_tractsum_2kx.dbf
06001432100,1247.0,usps_vac_062019_tractsum_2kx.dbf
06001430102,1352.0,usps_vac_062019_tractsum_2kx.dbf
06001421600,982.46,usps_vac_062019_tractsum_2kx.dbf
06001422100,2854.67,usps_vac_062019_tractsum_2kx.dbf
06001436601,992.0,usps_vac_062019_tractsum_2kx.dbf
06001438203,976.0,usps_vac_062019_tractsum_2kx.dbf
06001430200,137.0,usps_vac_062019_tractsum_2kx.dbf
06001437800,224.0,usps_vac_062019_tractsum_2kx.dbf
06001437200,577.6,usps_vac_062019_tractsum_2kx.dbf
06001443002,1352.0,usps_vac_062019_tractsum_2kx.dbf
06001436900,1352.0,usps_vac_062019_tractsum_2kx.dbf
06001441402,742.0,usps_vac_062019_tractsum_2kx.dbf
06001450746,525.0,usps_vac_062019_tractsum_2kx.dbf
06001450200,1352.0,usps_vac_062019_tractsum_2kx.dbf
06001441602,860.17,usps_vac_062019_tractsum_2kx.dbf
06001442601,259.0,usps_vac_062019_tractsum_2kx.dbf
06001442200,1164.63,usps_vac_062019_tractsum_2kx.dbf
06001444500,181.0,usps_vac_062019_tractsum_2kx.dbf
06001450607,669.94,usps_vac_062019_tractsum_2kx.dbf
06001450102,1352.0,usps_vac_062019_tractsum_2kx.dbf
06001450502,0.0,usps_vac_062019_tractsum_2kx.dbf
06001409000,953.0,usps_vac_062019_tractsum_2kx.dbf
06001408500,1291.33,usps_vac_062019_tractsum_2kx.dbf
06001409400,509.33,usps_vac_062019_tractsum_2kx.dbf
06001410000,524.75,usps_vac_062019_tractsum_2kx.dbf
06001450601,1206.75,usps_vac_062019_tractsum_2kx.dbf
06001406900,771.0,usps_vac_062019_tractsum_2kx.dbf
06001432300,1306.5,usps_vac_062019_tractsum_2kx.dbf
06001433600,1009.0,usps_vac_062019_tractsum_2kx.dbf
06001408800,203.0,usps_vac_062019_tractsum_2kx.dbf
06001426100,0.0,usps_vac_062019_tractsum_2kx.dbf
06001404102,961.67,usps_vac_062019_tractsum_2kx.dbf
06001423300,723.9,usps_vac_062019_tractsum_2kx.dbf
06001433104,1917.5,usps_vac_062019_tractsum_2kx.dbf
06001451201,988.0,usps_vac_062019_tractsum_2kx.dbf
06001430600,48.0,usps_vac_062019_tractsum_2kx.dbf
06001450751,427.0,usps_vac_062019_tractsum_2kx.dbf
06001405500,1128.47,usps_vac_062019_tractsum_2kx.dbf
06001405700,0.0,usps_vac_062019_tractsum_2kx.dbf
06001438100,1352.0,usps_vac_062019_tractsum_2kx.dbf
06001451102,427.0,usps_vac_062019_tractsum_2kx.dbf
06001404300,1198.0,usps_vac_062019_tractsum_2kx.dbf
06001436100,1084.14,usps_vac_062019_tractsum_2kx.dbf
06001406400,1352.0,usps_vac_062019_tractsum_2kx.dbf
06001422400,1148.33,usps_vac_062019_tractsum_2kx.dbf
06001420400,1352.0,usps_vac_062019_tractsum_2kx.dbf
06001420300,768.0,usps_vac_062019_tractsum_2kx.dbf
06001423400,1352.0,usps_vac_062019_tractsum_2kx.dbf
06001451601,1173.0,usps_vac_062019_tractsum_2kx.dbf
06001451101,1131.0,usps_vac_062019_tractsum_2kx.dbf
06001442400,1352.0,usps_vac_062019_tractsum_2kx.dbf
06001441524,1352.0,usps_vac_062019_tractsum_2kx.dbf
06001443103,476.67,usps_vac_062019_tractsum_2kx.dbf
06001437500,4117.0,usps_vac_062019_tractsum_2kx.dbf
06001438204,600.0,usps_vac_062019_tractsum_2kx.dbf
06001442100,555.33,usps_vac_062019_tractsum_2kx.dbf
06001437000,1352.0,usps_vac_062019_tractsum_2kx.dbf
06001443105,970.5,usps_vac_062019_tractsum_2kx.dbf
06001428400,589.0,usps_vac_062019_tractsum_2kx.dbf
06001427800,1346.08,usps_vac_062019_tractsum_2kx.dbf
06001427200,2533.31,usps_vac_062019_tractsum_2kx.dbf
06001435700,1790.0,usps_vac_062019_tractsum_2kx.dbf
06001405800,915.57,usps_vac_062019_tractsum_2kx.dbf
06001440307,1014.86,usps_vac_062019_tractsum_2kx.dbf
06001408200,1318.0,usps_vac_062019_tractsum_2kx.dbf
06001409600,1123.86,usps_vac_062019_tractsum_2kx.dbf
06001409700,1252.73,usps_vac_062019_tractsum_2kx.dbf
06001404000,1152.63,usps_vac_062019_tractsum_2kx.dbf
06001432700,1839.0,usps_vac_062019_tractsum_2kx.dbf
06001407500,1106.77,usps_vac_062019_tractsum_2kx.dbf
06001424002,1166.38,usps_vac_062019_tractsum_2kx.dbf
06001401500,780.0,usps_vac_062019_tractsum_2kx.dbf
06001408700,1272.55,usps_vac_062019_tractsum_2kx.dbf
06001402900,1352.0,usps_vac_062019_tractsum_2kx.dbf
06001440200,813.56,usps_vac_062019_tractsum_2kx.dbf
06001440100,1352.0,usps_vac_062019_tractsum_2kx.dbf
06001407300,1352.0,usps_vac_062019_tractsum_2kx.dbf
06001403400,1232.05,usps_vac_062019_tractsum_2kx.dbf
06001400300,1322.13,usps_vac_062019_tractsum_2kx.dbf
06001403702,1068.15,usps_vac_062019_tractsum_2kx.dbf
06001410500,1268.87,usps_vac_062019_tractsum_2kx.dbf
06001403900,1259.6,usps_vac_062019_tractsum_2kx.dbf
06001401700,817.17,usps_vac_062019_tractsum_2kx.dbf
06001401600,948.62,usps_vac_062019_tractsum_2kx.dbf
06001420200,1187.5,usps_vac_062019_tractsum_2kx.dbf
06001422600,0.0,usps_vac_062019_tractsum_2kx.dbf
06001421300,1352.0,usps_vac_062019_tractsum_2kx.dbf
06001436800,3753.0,usps_vac_062019_tractsum_2kx.dbf
06001442500,1016.0,usps_vac_062019_tractsum_2kx.dbf
06001441921,1352.0,usps_vac_062019_tractsum_2kx.dbf
06001444400,2760.4,usps_vac_062019_tractsum_2kx.dbf
06001406000,1346.5,usps_vac_062019_tractsum_2kx.dbf
06001406201,1310.93,usps_vac_062019_tractsum_2kx.dbf
06001441501,827.0,usps_vac_062019_tractsum_2kx.dbf
06001423902,2530.57,usps_vac_062019_tractsum_2kx.dbf
06001441522,0.0,usps_vac_062019_tractsum_2kx.dbf
06001441200,1279.45,usps_vac_062019_tractsum_2kx.dbf
06001406700,1352.0,usps_vac_062019_tractsum_2kx.dbf
06001406300,1133.5,usps_vac_062019_tractsum_2kx.dbf
06001405402,696.5,usps_vac_062019_tractsum_2kx.dbf
06001401200,0.0,usps_vac_062019_tractsum_2kx.dbf
06001408900,631.0,usps_vac_062019_tractsum_2kx.dbf
06001440306,0.0,usps_vac_062019_tractsum_2kx.dbf
06001404200,1352.0,usps_vac_062019_tractsum_2kx.dbf
06001437102,539.2,usps_vac_062019_tractsum_2kx.dbf
06001406800,1352.0,usps_vac_062019_tractsum_2kx.dbf
06001423601,1068.5,usps_vac_062019_tractsum_2kx.dbf
06001422700,1275.83,usps_vac_062019_tractsum_2kx.dbf
06001422800,617.29,usps_vac_062019_tractsum_2kx.dbf
06001423500,1283.56,usps_vac_062019_tractsum_2kx.dbf
06001443001,1352.0,usps_vac_062019_tractsum_2kx.dbf
06001430400,0.0,usps_vac_062019_tractsum_2kx.dbf
06001441601,1290.4,usps_vac_062019_tractsum_2kx.dbf
06001435500,1628.5,usps_vac_062019_tractsum_2kx.dbf
06001450750,1352.0,usps_vac_062019_tractsum_2kx.dbf
06001437900,0.0,usps_vac_062019_tractsum_2kx.dbf
06001430700,0.0,usps_vac_062019_tractsum_2kx.dbf
06001451504,781.0,usps_vac_062019_tractsum_2kx.dbf
06001435602,1177.0,usps_vac_062019_tractsum_2kx.dbf
06001450752,2064.67,usps_vac_062019_tractsum_2kx.dbf
06001428600,652.38,usps_vac_062019_tractsum_2kx.dbf
06001440336,895.8,usps_vac_062019_tractsum_2kx.dbf
06001408300,1265.45,usps_vac_062019_tractsum_2kx.dbf
06001433103,1090.5,usps_vac_062019_tractsum_2kx.dbf
06001400500,13.0,usps_vac_062019_tractsum_2kx.dbf
06001401100,988.0,usps_vac_062019_tractsum_2kx.dbf
06001432200,1860.2,usps_vac_062019_tractsum_2kx.dbf
06001403000,914.22,usps_vac_062019_tractsum_2kx.dbf
06001408400,1318.0,usps_vac_062019_tractsum_2kx.dbf
06001440333,0.0,usps_vac_062019_tractsum_2kx.dbf
06001440331,1066.5,usps_vac_062019_tractsum_2kx.dbf
06001401400,776.64,usps_vac_062019_tractsum_2kx.dbf
06001407800,964.67,usps_vac_062019_tractsum_2kx.dbf
06001405401,1204.56,usps_vac_062019_tractsum_2kx.dbf
06001421700,1158.5,usps_vac_062019_tractsum_2kx.dbf
06001436402,0.0,usps_vac_062019_tractsum_2kx.dbf
06001435601,1352.0,usps_vac_062019_tractsum_2kx.dbf
06001410400,1064.0,usps_vac_062019_tractsum_2kx.dbf
06001405901,1121.64,usps_vac_062019_tractsum_2kx.dbf
06001443102,714.0,usps_vac_062019_tractsum_2kx.dbf
06001437400,1352.0,usps_vac_062019_tractsum_2kx.dbf
06001440304,827.0,usps_vac_062019_tractsum_2kx.dbf
06001404501,1096.5,usps_vac_062019_tractsum_2kx.dbf
06001441301,1091.0,usps_vac_062019_tractsum_2kx.dbf
06001400100,1249.8,usps_vac_062019_tractsum_2kx.dbf
06001437702,224.0,usps_vac_062019_tractsum_2kx.dbf
06001451506,0.0,usps_vac_062019_tractsum_2kx.dbf
06001431000,83.0,usps_vac_062019_tractsum_2kx.dbf
06001443321,174.5,usps_vac_062019_tractsum_2kx.dbf
06001451505,3380.0,usps_vac_062019_tractsum_2kx.dbf
06001431200,0.0,usps_vac_062019_tractsum_2kx.dbf
06001451401,1111.7,usps_vac_062019_tractsum_2kx.dbf
06001450742,1302.0,usps_vac_062019_tractsum_2kx.dbf
06001430800,34.0,usps_vac_062019_tractsum_2kx.dbf
06001435104,1174.67,usps_vac_062019_tractsum_2kx.dbf
06001450606,715.0,usps_vac_062019_tractsum_2kx.dbf
06001441926,0.0,usps_vac_062019_tractsum_2kx.dbf
06001436200,1352.0,usps_vac_062019_tractsum_2kx.dbf
06001450604,1352.0,usps_vac_062019_tractsum_2kx.dbf
06001442700,1352.0,usps_vac_062019_tractsum_2kx.dbf
06001428000,1159.5,usps_vac_062019_tractsum_2kx.dbf
06001427300,1311.17,usps_vac_062019_tractsum_2kx.dbf
06001428700,1297.4,usps_vac_062019_tractsum_2kx.dbf
06001440334,529.0,usps_vac_062019_tractsum_2kx.dbf
06001409800,1047.8,usps_vac_062019_tractsum_2kx.dbf
06001409300,815.75,usps_vac_062019_tractsum_2kx.dbf
06001410200,1208.38,usps_vac_062019_tractsum_2kx.dbf
06001432400,1341.23,usps_vac_062019_tractsum_2kx.dbf
06001410100,1178.33,usps_vac_062019_tractsum_2kx.dbf
06001450744,826.6,usps_vac_062019_tractsum_2kx.dbf
06001403600,1249.33,usps_vac_062019_tractsum_2kx.dbf
06001400800,556.5,usps_vac_062019_tractsum_2kx.dbf
06001433400,1287.0,usps_vac_062019_tractsum_2kx.dbf
06001407700,642.0,usps_vac_062019_tractsum_2kx.dbf
06001408000,0.0,usps_vac_062019_tractsum_2kx.dbf
06001420600,1352.0,usps_vac_062019_tractsum_2kx.dbf
06001451704,1827.67,usps_vac_062019_tractsum_2kx.dbf
06001451503,3032.6,usps_vac_062019_tractsum_2kx.dbf
06001436602,4117.0,usps_vac_062019_tractsum_2kx.dbf
06001442900,938.33,usps_vac_062019_tractsum_2kx.dbf
06001407101,886.25,usps_vac_062019_tractsum_2kx.dbf
06001440308,951.0,usps_vac_062019_tractsum_2kx.dbf
06001409200,1144.06,usps_vac_062019_tractsum_2kx.dbf
06001422200,1352.0,usps_vac_062019_tractsum_2kx.dbf
06001442800,0.0,usps_vac_062019_tractsum_2kx.dbf
06001982000,0.0,usps_vac_062019_tractsum_2kx.dbf
06001421500,956.78,usps_vac_062019_tractsum_2kx.dbf
06001405600,1022.52,usps_vac_062019_tractsum_2kx.dbf
06001981900,0.0,usps_vac_062019_tractsum_2kx.dbf
06001423800,1352.0,usps_vac_062019_tractsum_2kx.dbf
06001422900,1358.71,usps_vac_062019_tractsum_2kx.dbf
06001441503,263.57,usps_vac_062019_tractsum_2kx.dbf
06001442302,1352.0,usps_vac_062019_tractsum_2kx.dbf
06001451701,217.0,usps_vac_062019_tractsum_2kx.dbf
06001436500,1615.7,usps_vac_062019_tractsum_2kx.dbf
06001430900,0.0,usps_vac_062019_tractsum_2kx.dbf
06001451602,2216.5,usps_vac_062019_tractsum_2kx.dbf
06001441925,0.0,usps_vac_062019_tractsum_2kx.dbf
06001436401,1352.0,usps_vac_062019_tractsum_2kx.dbf
06001435400,1716.5,usps_vac_062019_tractsum_2kx.dbf
06001451404,2661.14,usps_vac_062019_tractsum_2kx.dbf
06001443322,0.0,usps_vac_062019_tractsum_2kx.dbf
06001450101,1087.21,usps_vac_062019_tractsum_2kx.dbf
06001444100,1696.5,usps_vac_062019_tractsum_2kx.dbf
06001444601,1023.0,usps_vac_062019_tractsum_2kx.dbf
06001428200,1796.87,usps_vac_062019_tractsum_2kx.dbf
06001402500,1352.0,usps_vac_062019_tractsum_2kx.dbf
06001430500,1192.5,usps_vac_062019_tractsum_2kx.dbf
06001405200,1178.3,usps_vac_062019_tractsum_2kx.dbf
06001432600,1271.77,usps_vac_062019_tractsum_2kx.dbf
06001410300,1352.0,usps_vac_062019_tractsum_2kx.dbf
06001403501,1188.13,usps_vac_062019_tractsum_2kx.dbf
06001407600,901.75,usps_vac_062019_tractsum_2kx.dbf
06001423100,979.5,usps_vac_062019_tractsum_2kx.dbf
06001408100,1255.17,usps_vac_062019_tractsum_2kx.dbf
06001403800,1352.0,usps_vac_062019_tractsum_2kx.dbf
06001402800,1352.0,usps_vac_062019_tractsum_2kx.dbf
06001425103,575.4,usps_vac_062019_tractsum_2kx.dbf
06001436000,1801.8,usps_vac_062019_tractsum_2kx.dbf
06001433900,1172.13,usps_vac_062019_tractsum_2kx.dbf
06001433200,1519.63,usps_vac_062019_tractsum_2kx.dbf
06001400900,672.4,usps_vac_062019_tractsum_2kx.dbf
06001423200,2840.4,usps_vac_062019_tractsum_2kx.dbf
06001437101,735.0,usps_vac_062019_tractsum_2kx.dbf
06001450741,1289.0,usps_vac_062019_tractsum_2kx.dbf
06001450605,0.0,usps_vac_062019_tractsum_2kx.dbf
06001438400,1352.0,usps_vac_062019_tractsum_2kx.dbf
06001428302,1352.0,usps_vac_062019_tractsum_2kx.dbf
06001432800,1352.0,usps_vac_062019_tractsum_2kx.dbf
06001423000,1164.62,usps_vac_062019_tractsum_2kx.dbf
06001435900,4997.0,usps_vac_062019_tractsum_2kx.dbf
06001442000,0.0,usps_vac_062019_tractsum_2kx.dbf
06001405000,1333.21,usps_vac_062019_tractsum_2kx.dbf
06001400700,485.56,usps_vac_062019_tractsum_2kx.dbf
06001425102,664.82,usps_vac_062019_tractsum_2kx.dbf
06001432501,1298.1,usps_vac_062019_tractsum_2kx.dbf
06001420500,1288.42,usps_vac_062019_tractsum_2kx.dbf
06001421800,1352.0,usps_vac_062019_tractsum_2kx.dbf
06001440332,757.0,usps_vac_062019_tractsum_2kx.dbf
06001423901,3488.0,usps_vac_062019_tractsum_2kx.dbf
06001422000,1352.0,usps_vac_062019_tractsum_2kx.dbf
06001423602,1352.0,usps_vac_062019_tractsum_2kx.dbf
06001421100,1023.0,usps_vac_062019_tractsum_2kx.dbf
06001423700,1276.4,usps_vac_062019_tractsum_2kx.dbf
06001421200,1352.0,usps_vac_062019_tractsum_2kx.dbf
06001441700,1291.69,usps_vac_062019_tractsum_2kx.dbf
06001435103,1352.0,usps_vac_062019_tractsum_2kx.dbf
06001444602,259.0,usps_vac_062019_tractsum_2kx.dbf
06001435200,1352.0,usps_vac_062019_tractsum_2kx.dbf
06001451703,238.0,usps_vac_062019_tractsum_2kx.dbf
06001441523,259.0,usps_vac_062019_tractsum_2kx.dbf
06001450400,1352.0,usps_vac_062019_tractsum_2kx.dbf
06001451501,970.25,usps_vac_062019_tractsum_2kx.dbf
06001451403,0.0,usps_vac_062019_tractsum_2kx.dbf
06001441924,1156.0,usps_vac_062019_tractsum_2kx.dbf
06001444302,3200.0,usps_vac_062019_tractsum_2kx.dbf
06001450701,1059.71,usps_vac_062019_tractsum_2kx.dbf
06001428500,1210.25,usps_vac_062019_tractsum_2kx.dbf
06001983200,1107.0,usps_vac_062019_tractsum_2kx.dbf
06001401300,1319.8,usps_vac_062019_tractsum_2kx.dbf
06001405301,1100.2,usps_vac_062019_tractsum_2kx.dbf
06001407102,1352.0,usps_vac_062019_tractsum_2kx.dbf
06001406500,1352.0,usps_vac_062019_tractsum_2kx.dbf
06001404900,1352.0,usps_vac_062019_tractsum_2kx.dbf
06001401800,1092.67,usps_vac_062019_tractsum_2kx.dbf
06001409500,0.0,usps_vac_062019_tractsum_2kx.dbf
06001408600,1028.73,usps_vac_062019_tractsum_2kx.dbf
06001404600,648.4,usps_vac_062019_tractsum_2kx.dbf
06001433800,1694.21,usps_vac_062019_tractsum_2kx.dbf
06001440301,1328.79,usps_vac_062019_tractsum_2kx.dbf
06001450602,1243.89,usps_vac_062019_tractsum_2kx.dbf
06001405302,942.43,usps_vac_062019_tractsum_2kx.dbf
06001401000,1172.36,usps_vac_062019_tractsum_2kx.dbf
06001403300,767.32,usps_vac_062019_tractsum_2kx.dbf
06001450603,0.0,usps_vac_062019_tractsum_2kx.dbf
06001402200,1184.0,usps_vac_062019_tractsum_2kx.dbf
06001407900,0.0,usps_vac_062019_tractsum_2kx.dbf
06001425101,245.0,usps_vac_062019_tractsum_2kx.dbf
06001402700,983.42,usps_vac_062019_tractsum_2kx.dbf
06001420100,1352.0,usps_vac_062019_tractsum_2kx.dbf
06001451300,1672.0,usps_vac_062019_tractsum_2kx.dbf
06001407000,846.6,usps_vac_062019_tractsum_2kx.dbf
06001405100,2076.0,usps_vac_062019_tractsum_2kx.dbf
06001438300,440.67,usps_vac_062019_tractsum_2kx.dbf
06001403701,1443.0,usps_vac_092019_tractsum_2kx.dbf
06001404101,1392.6,usps_vac_092019_tractsum_2kx.dbf
06001403100,629.8,usps_vac_092019_tractsum_2kx.dbf
06001400200,1443.0,usps_vac_092019_tractsum_2kx.dbf
06001405902,1229.34,usps_vac_092019_tractsum_2kx.dbf
06001422300,1443.0,usps_vac_092019_tractsum_2kx.dbf
06001406602,1261.0,usps_vac_092019_tractsum_2kx.dbf
06001406202,1443.0,usps_vac_092019_tractsum_2kx.dbf
06001409900,1312.33,usps_vac_092019_tractsum_2kx.dbf
06001404800,1443.0,usps_vac_092019_tractsum_2kx.dbf
06001400600,996.67,usps_vac_092019_tractsum_2kx.dbf
06001402400,763.94,usps_vac_092019_tractsum_2kx.dbf
06001441927,0.0,usps_vac_092019_tractsum_2kx.dbf
06001427700,913.23,usps_vac_092019_tractsum_2kx.dbf
06001442602,1443.0,usps_vac_092019_tractsum_2kx.dbf
06001441100,1370.38,usps_vac_092019_tractsum_2kx.dbf
06001437300,1443.0,usps_vac_092019_tractsum_2kx.dbf
06001441302,265.0,usps_vac_092019_tractsum_2kx.dbf
06001443200,882.5,usps_vac_092019_tractsum_2kx.dbf
06001441923,1389.45,usps_vac_092019_tractsum_2kx.dbf
06001441800,350.0,usps_vac_092019_tractsum_2kx.dbf
06001432100,1338.0,usps_vac_092019_tractsum_2kx.dbf
06001441401,854.0,usps_vac_092019_tractsum_2kx.dbf
06001444200,2326.0,usps_vac_092019_tractsum_2kx.dbf
06001450300,0.0,usps_vac_092019_tractsum_2kx.dbf
06001430102,1443.0,usps_vac_092019_tractsum_2kx.dbf
06001441521,1443.0,usps_vac_092019_tractsum_2kx.dbf
06001450501,0.0,usps_vac_092019_tractsum_2kx.dbf
06001440305,504.0,usps_vac_092019_tractsum_2kx.dbf
06001433102,1108.25,usps_vac_092019_tractsum_2kx.dbf
06001450743,0.0,usps_vac_092019_tractsum_2kx.dbf
06001444301,2437.67,usps_vac_092019_tractsum_2kx.dbf
06001440335,1143.75,usps_vac_092019_tractsum_2kx.dbf
06001427900,1373.06,usps_vac_092019_tractsum_2kx.dbf
06001406601,1327.5,usps_vac_092019_tractsum_2kx.dbf
06001421400,1443.0,usps_vac_092019_tractsum_2kx.dbf
06001438201,911.0,usps_vac_092019_tractsum_2kx.dbf
06001443301,661.5,usps_vac_092019_tractsum_2kx.dbf
06001410000,679.86,usps_vac_092019_tractsum_2kx.dbf
06001404300,1289.0,usps_vac_092019_tractsum_2kx.dbf
06001423300,833.33,usps_vac_092019_tractsum_2kx.dbf
06001404102,1052.67,usps_vac_092019_tractsum_2kx.dbf
06001409000,1044.0,usps_vac_092019_tractsum_2kx.dbf
06001405700,0.0,usps_vac_092019_tractsum_2kx.dbf
06001408500,1382.33,usps_vac_092019_tractsum_2kx.dbf
06001421600,1073.46,usps_vac_092019_tractsum_2kx.dbf
06001405500,1219.47,usps_vac_092019_tractsum_2kx.dbf
06001406900,862.0,usps_vac_092019_tractsum_2kx.dbf
06001408800,294.0,usps_vac_092019_tractsum_2kx.dbf
06001409400,600.33,usps_vac_092019_tractsum_2kx.dbf
06001406400,1443.0,usps_vac_092019_tractsum_2kx.dbf
06001443002,1443.0,usps_vac_092019_tractsum_2kx.dbf
06001442200,1345.0,usps_vac_092019_tractsum_2kx.dbf
06001441602,951.17,usps_vac_092019_tractsum_2kx.dbf
06001436601,1152.82,usps_vac_092019_tractsum_2kx.dbf
06001438100,1443.0,usps_vac_092019_tractsum_2kx.dbf
06001437200,2594.0,usps_vac_092019_tractsum_2kx.dbf
06001442601,350.0,usps_vac_092019_tractsum_2kx.dbf
06001436900,1443.0,usps_vac_092019_tractsum_2kx.dbf
06001430600,139.0,usps_vac_092019_tractsum_2kx.dbf
06001437800,315.0,usps_vac_092019_tractsum_2kx.dbf
06001438203,1443.0,usps_vac_092019_tractsum_2kx.dbf
06001436100,1175.14,usps_vac_092019_tractsum_2kx.dbf
06001450607,764.52,usps_vac_092019_tractsum_2kx.dbf
06001450502,0.0,usps_vac_092019_tractsum_2kx.dbf
06001433600,1100.0,usps_vac_092019_tractsum_2kx.dbf
06001430200,228.0,usps_vac_092019_tractsum_2kx.dbf
06001450102,1443.0,usps_vac_092019_tractsum_2kx.dbf
06001433104,2008.5,usps_vac_092019_tractsum_2kx.dbf
06001451201,1079.0,usps_vac_092019_tractsum_2kx.dbf
06001444500,170.5,usps_vac_092019_tractsum_2kx.dbf
06001450746,616.0,usps_vac_092019_tractsum_2kx.dbf
06001450200,1443.0,usps_vac_092019_tractsum_2kx.dbf
06001451102,518.0,usps_vac_092019_tractsum_2kx.dbf
06001441402,833.0,usps_vac_092019_tractsum_2kx.dbf
06001450751,518.0,usps_vac_092019_tractsum_2kx.dbf
06001450601,1297.75,usps_vac_092019_tractsum_2kx.dbf
06001426100,0.0,usps_vac_092019_tractsum_2kx.dbf
06001422100,2945.67,usps_vac_092019_tractsum_2kx.dbf
06001432300,1397.5,usps_vac_092019_tractsum_2kx.dbf
06001406000,1437.5,usps_vac_092019_tractsum_2kx.dbf
06001401200,0.0,usps_vac_092019_tractsum_2kx.dbf
06001404000,1243.63,usps_vac_092019_tractsum_2kx.dbf
06001403400,1323.05,usps_vac_092019_tractsum_2kx.dbf
06001424002,1285.0,usps_vac_092019_tractsum_2kx.dbf
06001420300,859.0,usps_vac_092019_tractsum_2kx.dbf
06001420400,1443.0,usps_vac_092019_tractsum_2kx.dbf
06001422400,1239.33,usps_vac_092019_tractsum_2kx.dbf
06001422600,0.0,usps_vac_092019_tractsum_2kx.dbf
06001408200,1409.0,usps_vac_092019_tractsum_2kx.dbf
06001401700,908.17,usps_vac_092019_tractsum_2kx.dbf
06001403900,1350.6,usps_vac_092019_tractsum_2kx.dbf
06001400300,1413.13,usps_vac_092019_tractsum_2kx.dbf
06001423400,1443.0,usps_vac_092019_tractsum_2kx.dbf
06001420200,1278.5,usps_vac_092019_tractsum_2kx.dbf
06001402900,1443.0,usps_vac_092019_tractsum_2kx.dbf
06001408700,1363.55,usps_vac_092019_tractsum_2kx.dbf
06001407500,1197.77,usps_vac_092019_tractsum_2kx.dbf
06001423902,2621.57,usps_vac_092019_tractsum_2kx.dbf
06001409600,1214.86,usps_vac_092019_tractsum_2kx.dbf
06001403702,1159.15,usps_vac_092019_tractsum_2kx.dbf
06001406700,1443.0,usps_vac_092019_tractsum_2kx.dbf
06001401500,169.67,usps_vac_092019_tractsum_2kx.dbf
06001421300,1443.0,usps_vac_092019_tractsum_2kx.dbf
06001409700,1343.73,usps_vac_092019_tractsum_2kx.dbf
06001405402,787.5,usps_vac_092019_tractsum_2kx.dbf
06001401600,968.79,usps_vac_092019_tractsum_2kx.dbf
06001408900,722.0,usps_vac_092019_tractsum_2kx.dbf
06001404200,1443.0,usps_vac_092019_tractsum_2kx.dbf
06001405800,1006.57,usps_vac_092019_tractsum_2kx.dbf
06001406201,1401.93,usps_vac_092019_tractsum_2kx.dbf
06001407300,1443.0,usps_vac_092019_tractsum_2kx.dbf
06001406800,1443.0,usps_vac_092019_tractsum_2kx.dbf
06001442500,1107.0,usps_vac_092019_tractsum_2kx.dbf
06001442400,1443.0,usps_vac_092019_tractsum_2kx.dbf
06001441921,1443.0,usps_vac_092019_tractsum_2kx.dbf
06001427200,2624.31,usps_vac_092019_tractsum_2kx.dbf
06001441200,1370.45,usps_vac_092019_tractsum_2kx.dbf
06001436800,3844.0,usps_vac_092019_tractsum_2kx.dbf
06001438204,879.0,usps_vac_092019_tractsum_2kx.dbf
06001437000,1443.0,usps_vac_092019_tractsum_2kx.dbf
06001451601,1264.0,usps_vac_092019_tractsum_2kx.dbf
06001443105,1061.5,usps_vac_092019_tractsum_2kx.dbf
06001435700,1881.0,usps_vac_092019_tractsum_2kx.dbf
06001442100,646.33,usps_vac_092019_tractsum_2kx.dbf
06001443103,567.67,usps_vac_092019_tractsum_2kx.dbf
06001444400,2851.4,usps_vac_092019_tractsum_2kx.dbf
06001451101,1216.48,usps_vac_092019_tractsum_2kx.dbf
06001441522,0.0,usps_vac_092019_tractsum_2kx.dbf
06001440200,897.63,usps_vac_092019_tractsum_2kx.dbf
06001440307,1105.86,usps_vac_092019_tractsum_2kx.dbf
06001432700,1930.0,usps_vac_092019_tractsum_2kx.dbf
06001440100,1443.0,usps_vac_092019_tractsum_2kx.dbf
06001441501,918.0,usps_vac_092019_tractsum_2kx.dbf
06001441524,1443.0,usps_vac_092019_tractsum_2kx.dbf
06001427800,1437.08,usps_vac_092019_tractsum_2kx.dbf
06001428400,680.0,usps_vac_092019_tractsum_2kx.dbf
06001406300,1224.5,usps_vac_092019_tractsum_2kx.dbf
06001410500,1359.87,usps_vac_092019_tractsum_2kx.dbf
06001437102,630.2,usps_vac_092019_tractsum_2kx.dbf
06001440306,0.0,usps_vac_092019_tractsum_2kx.dbf
06001437500,4208.0,usps_vac_092019_tractsum_2kx.dbf
06001403000,1005.22,usps_vac_092019_tractsum_2kx.dbf
06001401100,1079.0,usps_vac_092019_tractsum_2kx.dbf
06001422800,708.29,usps_vac_092019_tractsum_2kx.dbf
06001410400,1155.0,usps_vac_092019_tractsum_2kx.dbf
06001423601,1159.5,usps_vac_092019_tractsum_2kx.dbf
06001421700,1249.5,usps_vac_092019_tractsum_2kx.dbf
06001405401,1295.56,usps_vac_092019_tractsum_2kx.dbf
06001423500,1374.56,usps_vac_092019_tractsum_2kx.dbf
06001422700,1366.83,usps_vac_092019_tractsum_2kx.dbf
06001405901,1212.64,usps_vac_092019_tractsum_2kx.dbf
06001407800,1055.67,usps_vac_092019_tractsum_2kx.dbf
06001408300,1371.6,usps_vac_092019_tractsum_2kx.dbf
06001404501,1187.5,usps_vac_092019_tractsum_2kx.dbf
06001408400,1409.0,usps_vac_092019_tractsum_2kx.dbf
06001441601,1381.4,usps_vac_092019_tractsum_2kx.dbf
06001435500,1719.5,usps_vac_092019_tractsum_2kx.dbf
06001437400,1443.0,usps_vac_092019_tractsum_2kx.dbf
06001435601,1443.0,usps_vac_092019_tractsum_2kx.dbf
06001436402,0.0,usps_vac_092019_tractsum_2kx.dbf
06001430400,0.0,usps_vac_092019_tractsum_2kx.dbf
06001435602,1268.0,usps_vac_092019_tractsum_2kx.dbf
06001437900,0.0,usps_vac_092019_tractsum_2kx.dbf
06001430700,0.0,usps_vac_092019_tractsum_2kx.dbf
06001433103,1164.07,usps_vac_092019_tractsum_2kx.dbf
06001450752,2155.67,usps_vac_092019_tractsum_2kx.dbf
06001440331,872.0,usps_vac_092019_tractsum_2kx.dbf
06001432200,1951.2,usps_vac_092019_tractsum_2kx.dbf
06001450750,1443.0,usps_vac_092019_tractsum_2kx.dbf
06001440336,986.8,usps_vac_092019_tractsum_2kx.dbf
06001428600,682.59,usps_vac_092019_tractsum_2kx.dbf
06001401400,741.54,usps_vac_092019_tractsum_2kx.dbf
06001400500,104.0,usps_vac_092019_tractsum_2kx.dbf
06001443102,805.0,usps_vac_092019_tractsum_2kx.dbf
06001441301,1182.0,usps_vac_092019_tractsum_2kx.dbf
06001443001,1443.0,usps_vac_092019_tractsum_2kx.dbf
06001451504,872.0,usps_vac_092019_tractsum_2kx.dbf
06001440333,0.0,usps_vac_092019_tractsum_2kx.dbf
06001440304,918.0,usps_vac_092019_tractsum_2kx.dbf
06001407900,0.0,usps_vac_092019_tractsum_2kx.dbf
06001423602,1443.0,usps_vac_092019_tractsum_2kx.dbf
06001422000,1443.0,usps_vac_092019_tractsum_2kx.dbf
06001401300,1410.8,usps_vac_092019_tractsum_2kx.dbf
06001407000,937.6,usps_vac_092019_tractsum_2kx.dbf
06001408600,1119.73,usps_vac_092019_tractsum_2kx.dbf
06001402200,1275.0,usps_vac_092019_tractsum_2kx.dbf
06001403300,871.88,usps_vac_092019_tractsum_2kx.dbf
06001401000,786.87,usps_vac_092019_tractsum_2kx.dbf
06001420100,1443.0,usps_vac_092019_tractsum_2kx.dbf
06001407102,1443.0,usps_vac_092019_tractsum_2kx.dbf
06001405301,1394.0,usps_vac_092019_tractsum_2kx.dbf
06001409500,0.0,usps_vac_092019_tractsum_2kx.dbf
06001404900,1443.0,usps_vac_092019_tractsum_2kx.dbf
06001421200,1443.0,usps_vac_092019_tractsum_2kx.dbf
06001405302,1033.43,usps_vac_092019_tractsum_2kx.dbf
06001406500,1443.0,usps_vac_092019_tractsum_2kx.dbf
06001425101,0.0,usps_vac_092019_tractsum_2kx.dbf
06001405100,2306.0,usps_vac_092019_tractsum_2kx.dbf
06001404600,739.4,usps_vac_092019_tractsum_2kx.dbf
06001441924,1247.0,usps_vac_092019_tractsum_2kx.dbf
06001435103,1443.0,usps_vac_092019_tractsum_2kx.dbf
06001441700,1284.36,usps_vac_092019_tractsum_2kx.dbf
06001451501,1061.25,usps_vac_092019_tractsum_2kx.dbf
06001435200,0.0,usps_vac_092019_tractsum_2kx.dbf
06001438300,531.67,usps_vac_092019_tractsum_2kx.dbf
06001451703,329.0,usps_vac_092019_tractsum_2kx.dbf
06001450400,992.0,usps_vac_092019_tractsum_2kx.dbf
06001444602,350.0,usps_vac_092019_tractsum_2kx.dbf
06001450701,1326.33,usps_vac_092019_tractsum_2kx.dbf
06001450603,0.0,usps_vac_092019_tractsum_2kx.dbf
06001450602,1334.89,usps_vac_092019_tractsum_2kx.dbf
06001444302,2754.0,usps_vac_092019_tractsum_2kx.dbf
06001433800,1785.21,usps_vac_092019_tractsum_2kx.dbf
06001451300,1763.0,usps_vac_092019_tractsum_2kx.dbf
06001440301,1457.62,usps_vac_092019_tractsum_2kx.dbf
06001451403,0.0,usps_vac_092019_tractsum_2kx.dbf
06001441523,350.0,usps_vac_092019_tractsum_2kx.dbf
06001428500,1301.25,usps_vac_092019_tractsum_2kx.dbf
06001983200,1198.0,usps_vac_092019_tractsum_2kx.dbf
06001423901,3579.0,usps_vac_092019_tractsum_2kx.dbf
06001402700,1074.42,usps_vac_092019_tractsum_2kx.dbf
06001423700,1367.4,usps_vac_092019_tractsum_2kx.dbf
06001421100,1114.0,usps_vac_092019_tractsum_2kx.dbf
06001401800,1394.0,usps_vac_092019_tractsum_2kx.dbf
06001422200,1443.0,usps_vac_092019_tractsum_2kx.dbf
06001400100,1134.75,usps_vac_092019_tractsum_2kx.dbf
06001421500,1063.24,usps_vac_092019_tractsum_2kx.dbf
06001408000,0.0,usps_vac_092019_tractsum_2kx.dbf
06001407101,977.25,usps_vac_092019_tractsum_2kx.dbf
06001409300,906.75,usps_vac_092019_tractsum_2kx.dbf
06001403600,1340.33,usps_vac_092019_tractsum_2kx.dbf
06001407700,970.5,usps_vac_092019_tractsum_2kx.dbf
06001405600,1113.52,usps_vac_092019_tractsum_2kx.dbf
06001410200,1299.38,usps_vac_092019_tractsum_2kx.dbf
06001420600,1443.0,usps_vac_092019_tractsum_2kx.dbf
06001441926,0.0,usps_vac_092019_tractsum_2kx.dbf
06001443321,343.0,usps_vac_092019_tractsum_2kx.dbf
06001442800,0.0,usps_vac_092019_tractsum_2kx.dbf
06001442900,1029.33,usps_vac_092019_tractsum_2kx.dbf
06001435104,1265.67,usps_vac_092019_tractsum_2kx.dbf
06001430800,0.0,usps_vac_092019_tractsum_2kx.dbf
06001451505,3471.0,usps_vac_092019_tractsum_2kx.dbf
06001436200,1443.0,usps_vac_092019_tractsum_2kx.dbf
06001436602,4208.0,usps_vac_092019_tractsum_2kx.dbf
06001451506,0.0,usps_vac_092019_tractsum_2kx.dbf
06001451503,3123.6,usps_vac_092019_tractsum_2kx.dbf
06001437702,315.0,usps_vac_092019_tractsum_2kx.dbf
06001451704,1918.67,usps_vac_092019_tractsum_2kx.dbf
06001431200,0.0,usps_vac_092019_tractsum_2kx.dbf
06001450604,1443.0,usps_vac_092019_tractsum_2kx.dbf
06001432400,1432.23,usps_vac_092019_tractsum_2kx.dbf
06001451401,1202.7,usps_vac_092019_tractsum_2kx.dbf
06001450606,806.0,usps_vac_092019_tractsum_2kx.dbf
06001450742,1393.0,usps_vac_092019_tractsum_2kx.dbf
06001433400,1378.0,usps_vac_092019_tractsum_2kx.dbf
06001440334,649.0,usps_vac_092019_tractsum_2kx.dbf
06001440308,1042.0,usps_vac_092019_tractsum_2kx.dbf
06001427300,1443.0,usps_vac_092019_tractsum_2kx.dbf
06001428000,1250.5,usps_vac_092019_tractsum_2kx.dbf
06001428700,1388.4,usps_vac_092019_tractsum_2kx.dbf
06001409800,1138.8,usps_vac_092019_tractsum_2kx.dbf
06001409200,1235.06,usps_vac_092019_tractsum_2kx.dbf
06001400800,275.2,usps_vac_092019_tractsum_2kx.dbf
06001410100,1402.0,usps_vac_092019_tractsum_2kx.dbf
06001442700,1443.0,usps_vac_092019_tractsum_2kx.dbf
06001431000,174.0,usps_vac_092019_tractsum_2kx.dbf
06001981900,0.0,usps_vac_092019_tractsum_2kx.dbf
06001982000,0.0,usps_vac_092019_tractsum_2kx.dbf
06001450744,917.6,usps_vac_092019_tractsum_2kx.dbf
06001423200,2931.4,usps_vac_092019_tractsum_2kx.dbf
06001407600,992.75,usps_vac_092019_tractsum_2kx.dbf
06001408100,1346.17,usps_vac_092019_tractsum_2kx.dbf
06001425102,723.5,usps_vac_092019_tractsum_2kx.dbf
06001425103,346.7,usps_vac_092019_tractsum_2kx.dbf
06001403800,1443.0,usps_vac_092019_tractsum_2kx.dbf
06001403501,1279.13,usps_vac_092019_tractsum_2kx.dbf
06001423100,1107.71,usps_vac_092019_tractsum_2kx.dbf
06001422900,1449.71,usps_vac_092019_tractsum_2kx.dbf
06001400900,644.17,usps_vac_092019_tractsum_2kx.dbf
06001423000,1255.62,usps_vac_092019_tractsum_2kx.dbf
06001410300,1443.0,usps_vac_092019_tractsum_2kx.dbf
06001402800,1443.0,usps_vac_092019_tractsum_2kx.dbf
06001405200,1269.3,usps_vac_092019_tractsum_2kx.dbf
06001405000,1443.0,usps_vac_092019_tractsum_2kx.dbf
06001400700,407.23,usps_vac_092019_tractsum_2kx.dbf
06001423800,1443.0,usps_vac_092019_tractsum_2kx.dbf
06001420500,1379.42,usps_vac_092019_tractsum_2kx.dbf
06001441925,0.0,usps_vac_092019_tractsum_2kx.dbf
06001442302,1443.0,usps_vac_092019_tractsum_2kx.dbf
06001451701,308.0,usps_vac_092019_tractsum_2kx.dbf
06001443322,0.0,usps_vac_092019_tractsum_2kx.dbf
06001437101,826.0,usps_vac_092019_tractsum_2kx.dbf
06001430900,0.0,usps_vac_092019_tractsum_2kx.dbf
06001430500,1150.11,usps_vac_092019_tractsum_2kx.dbf
06001451602,2687.8,usps_vac_092019_tractsum_2kx.dbf
06001441503,356.5,usps_vac_092019_tractsum_2kx.dbf
06001435400,1807.5,usps_vac_092019_tractsum_2kx.dbf
06001436401,1443.0,usps_vac_092019_tractsum_2kx.dbf
06001436500,1706.7,usps_vac_092019_tractsum_2kx.dbf
06001428302,1443.0,usps_vac_092019_tractsum_2kx.dbf
06001438400,1443.0,usps_vac_092019_tractsum_2kx.dbf
06001444601,1114.0,usps_vac_092019_tractsum_2kx.dbf
06001450101,1219.92,usps_vac_092019_tractsum_2kx.dbf
06001433200,1610.63,usps_vac_092019_tractsum_2kx.dbf
06001436000,1703.5,usps_vac_092019_tractsum_2kx.dbf
06001450605,0.0,usps_vac_092019_tractsum_2kx.dbf
06001432600,1356.08,usps_vac_092019_tractsum_2kx.dbf
06001433900,1263.13,usps_vac_092019_tractsum_2kx.dbf
06001451404,2752.14,usps_vac_092019_tractsum_2kx.dbf
06001450741,1380.0,usps_vac_092019_tractsum_2kx.dbf
06001432501,1389.1,usps_vac_092019_tractsum_2kx.dbf
06001432800,1443.0,usps_vac_092019_tractsum_2kx.dbf
06001435900,5088.0,usps_vac_092019_tractsum_2kx.dbf
06001440332,848.0,usps_vac_092019_tractsum_2kx.dbf
06001444100,1787.5,usps_vac_092019_tractsum_2kx.dbf
06001428200,1887.87,usps_vac_092019_tractsum_2kx.dbf
06001421800,1443.0,usps_vac_092019_tractsum_2kx.dbf
06001442000,0.0,usps_vac_092019_tractsum_2kx.dbf
06001402500,1443.0,usps_vac_092019_tractsum_2kx.dbf
06001426200,1443.0,usps_vac_092019_tractsum_2kx.dbf
06001403502,1150.25,usps_vac_092019_tractsum_2kx.dbf
06001404400,1140.62,usps_vac_092019_tractsum_2kx.dbf
06001404502,1005.8,usps_vac_092019_tractsum_2kx.dbf
06001422500,1443.0,usps_vac_092019_tractsum_2kx.dbf
06001424001,2714.59,usps_vac_092019_tractsum_2kx.dbf
06001427600,1361.33,usps_vac_092019_tractsum_2kx.dbf
06001407200,1443.0,usps_vac_092019_tractsum_2kx.dbf
06001402600,1443.0,usps_vac_092019_tractsum_2kx.dbf
06001425104,394.29,usps_vac_092019_tractsum_2kx.dbf
06001421900,1333.92,usps_vac_092019_tractsum_2kx.dbf
06001406100,1370.2,usps_vac_092019_tractsum_2kx.dbf
06001400400,1443.0,usps_vac_092019_tractsum_2kx.dbf
06001404700,1338.0,usps_vac_092019_tractsum_2kx.dbf
06001407400,1110.5,usps_vac_092019_tractsum_2kx.dbf
06001442301,1264.5,usps_vac_092019_tractsum_2kx.dbf
06001443104,1265.86,usps_vac_092019_tractsum_2kx.dbf
06001435102,1443.0,usps_vac_092019_tractsum_2kx.dbf
06001430300,0.0,usps_vac_092019_tractsum_2kx.dbf
06001431100,0.0,usps_vac_092019_tractsum_2kx.dbf
06001436300,1246.13,usps_vac_092019_tractsum_2kx.dbf
06001428301,1278.5,usps_vac_092019_tractsum_2kx.dbf
06001434000,1889.35,usps_vac_092019_tractsum_2kx.dbf
06001436700,1443.0,usps_vac_092019_tractsum_2kx.dbf
06001433700,2330.3,usps_vac_092019_tractsum_2kx.dbf
06001435300,1284.13,usps_vac_092019_tractsum_2kx.dbf
06001432502,1363.67,usps_vac_092019_tractsum_2kx.dbf
06001451202,1901.88,usps_vac_092019_tractsum_2kx.dbf
06001433300,1282.0,usps_vac_092019_tractsum_2kx.dbf
06001435800,1012.75,usps_vac_092019_tractsum_2kx.dbf
06001433000,1397.5,usps_vac_092019_tractsum_2kx.dbf
06001430101,1443.0,usps_vac_092019_tractsum_2kx.dbf
06001433500,1436.17,usps_vac_092019_tractsum_2kx.dbf
06001450745,0.0,usps_vac_092019_tractsum_2kx.dbf
06001428100,1381.6,usps_vac_092019_tractsum_2kx.dbf
06001427100,1408.0,usps_vac_092019_tractsum_2kx.dbf
06001409100,917.13,usps_vac_092019_tractsum_2kx.dbf
06001437701,1177.0,usps_vac_092019_tractsum_2kx.dbf
06001437600,991.8,usps_vac_092019_tractsum_2kx.dbf
06001438000,955.33,usps_vac_092019_tractsum_2kx.dbf
06001441927,0.0,usps_vac_122019_tractsum_2kx.dbf
06001441100,1462.38,usps_vac_122019_tractsum_2kx.dbf
06001430102,1535.0,usps_vac_122019_tractsum_2kx.dbf
06001443200,974.5,usps_vac_122019_tractsum_2kx.dbf
06001441401,946.0,usps_vac_122019_tractsum_2kx.dbf
06001442602,1535.0,usps_vac_122019_tractsum_2kx.dbf
06001441800,442.0,usps_vac_122019_tractsum_2kx.dbf
06001441923,1481.45,usps_vac_122019_tractsum_2kx.dbf
06001402400,869.59,usps_vac_122019_tractsum_2kx.dbf
06001400600,1088.67,usps_vac_122019_tractsum_2kx.dbf
06001403701,1535.0,usps_vac_122019_tractsum_2kx.dbf
06001400200,1535.0,usps_vac_122019_tractsum_2kx.dbf
06001403100,846.25,usps_vac_122019_tractsum_2kx.dbf
06001404101,1357.27,usps_vac_122019_tractsum_2kx.dbf
06001422300,1535.0,usps_vac_122019_tractsum_2kx.dbf
06001427700,999.75,usps_vac_122019_tractsum_2kx.dbf
06001444301,2529.67,usps_vac_122019_tractsum_2kx.dbf
06001450300,0.0,usps_vac_122019_tractsum_2kx.dbf
06001450743,0.0,usps_vac_122019_tractsum_2kx.dbf
06001444200,2418.0,usps_vac_122019_tractsum_2kx.dbf
06001440335,1136.0,usps_vac_122019_tractsum_2kx.dbf
06001406202,1535.0,usps_vac_122019_tractsum_2kx.dbf
06001440305,596.0,usps_vac_122019_tractsum_2kx.dbf
06001406602,1353.0,usps_vac_122019_tractsum_2kx.dbf
06001432100,1430.0,usps_vac_122019_tractsum_2kx.dbf
06001404800,1535.0,usps_vac_122019_tractsum_2kx.dbf
06001409900,1404.33,usps_vac_122019_tractsum_2kx.dbf
06001450501,0.0,usps_vac_122019_tractsum_2kx.dbf
06001441302,161.0,usps_vac_122019_tractsum_2kx.dbf
06001441521,1535.0,usps_vac_122019_tractsum_2kx.dbf
06001437300,1535.0,usps_vac_122019_tractsum_2kx.dbf
06001405902,1321.34,usps_vac_122019_tractsum_2kx.dbf
06001427900,1465.06,usps_vac_122019_tractsum_2kx.dbf
06001433102,1200.25,usps_vac_122019_tractsum_2kx.dbf
06001443301,778.0,usps_vac_122019_tractsum_2kx.dbf
06001438201,1003.0,usps_vac_122019_tractsum_2kx.dbf
06001406601,1392.29,usps_vac_122019_tractsum_2kx.dbf
06001421400,1535.0,usps_vac_122019_tractsum_2kx.dbf
06001438100,1535.0,usps_vac_122019_tractsum_2kx.dbf
06001442200,1437.0,usps_vac_122019_tractsum_2kx.dbf
06001438203,1535.0,usps_vac_122019_tractsum_2kx.dbf
06001443002,1535.0,usps_vac_122019_tractsum_2kx.dbf
06001436601,1244.82,usps_vac_122019_tractsum_2kx.dbf
06001451102,610.0,usps_vac_122019_tractsum_2kx.dbf
06001451201,0.0,usps_vac_122019_tractsum_2kx.dbf
06001441402,925.0,usps_vac_122019_tractsum_2kx.dbf
06001436900,1535.0,usps_vac_122019_tractsum_2kx.dbf
06001437200,2686.0,usps_vac_122019_tractsum_2kx.dbf
06001430600,231.0,usps_vac_122019_tractsum_2kx.dbf
06001430200,320.0,usps_vac_122019_tractsum_2kx.dbf
06001409000,1136.0,usps_vac_122019_tractsum_2kx.dbf
06001405500,1311.47,usps_vac_122019_tractsum_2kx.dbf
06001405700,0.0,usps_vac_122019_tractsum_2kx.dbf
06001408500,1468.82,usps_vac_122019_tractsum_2kx.dbf
06001408800,386.0,usps_vac_122019_tractsum_2kx.dbf
06001404300,1381.0,usps_vac_122019_tractsum_2kx.dbf
06001406900,954.0,usps_vac_122019_tractsum_2kx.dbf
06001404102,1144.67,usps_vac_122019_tractsum_2kx.dbf
06001450607,866.31,usps_vac_122019_tractsum_2kx.dbf
06001433104,2100.5,usps_vac_122019_tractsum_2kx.dbf
06001450200,1535.0,usps_vac_122019_tractsum_2kx.dbf
06001450102,1535.0,usps_vac_122019_tractsum_2kx.dbf
06001410000,771.86,usps_vac_122019_tractsum_2kx.dbf
06001450751,610.0,usps_vac_122019_tractsum_2kx.dbf
06001433600,1192.0,usps_vac_122019_tractsum_2kx.dbf
06001450746,708.0,usps_vac_122019_tractsum_2kx.dbf
06001444500,262.5,usps_vac_122019_tractsum_2kx.dbf
06001441602,1043.17,usps_vac_122019_tractsum_2kx.dbf
06001437800,407.0,usps_vac_122019_tractsum_2kx.dbf
06001442601,442.0,usps_vac_122019_tractsum_2kx.dbf
06001421600,1165.46,usps_vac_122019_tractsum_2kx.dbf
06001423300,925.33,usps_vac_122019_tractsum_2kx.dbf
06001409400,692.33,usps_vac_122019_tractsum_2kx.dbf
06001450502,0.0,usps_vac_122019_tractsum_2kx.dbf
06001436100,1415.17,usps_vac_122019_tractsum_2kx.dbf
06001450601,1389.75,usps_vac_122019_tractsum_2kx.dbf
06001406400,1535.0,usps_vac_122019_tractsum_2kx.dbf
06001426100,0.0,usps_vac_122019_tractsum_2kx.dbf
06001422100,3037.67,usps_vac_122019_tractsum_2kx.dbf
06001432300,1489.5,usps_vac_122019_tractsum_2kx.dbf
06001441200,1377.0,usps_vac_122019_tractsum_2kx.dbf
06001436800,3936.0,usps_vac_122019_tractsum_2kx.dbf
06001451101,1335.21,usps_vac_122019_tractsum_2kx.dbf
06001441522,0.0,usps_vac_122019_tractsum_2kx.dbf
06001441524,1535.0,usps_vac_122019_tractsum_2kx.dbf
06001435700,1973.0,usps_vac_122019_tractsum_2kx.dbf
06001443105,1153.5,usps_vac_122019_tractsum_2kx.dbf
06001437000,1535.0,usps_vac_122019_tractsum_2kx.dbf
06001451601,1356.0,usps_vac_122019_tractsum_2kx.dbf
06001404200,1535.0,usps_vac_122019_tractsum_2kx.dbf
06001404000,1335.63,usps_vac_122019_tractsum_2kx.dbf
06001422400,1331.33,usps_vac_122019_tractsum_2kx.dbf
06001406000,1529.5,usps_vac_122019_tractsum_2kx.dbf
06001402900,1535.0,usps_vac_122019_tractsum_2kx.dbf
06001407500,1289.77,usps_vac_122019_tractsum_2kx.dbf
06001400300,1505.13,usps_vac_122019_tractsum_2kx.dbf
06001401700,867.29,usps_vac_122019_tractsum_2kx.dbf
06001420400,1535.0,usps_vac_122019_tractsum_2kx.dbf
06001423400,1535.0,usps_vac_122019_tractsum_2kx.dbf
06001401600,1060.79,usps_vac_122019_tractsum_2kx.dbf
06001422600,0.0,usps_vac_122019_tractsum_2kx.dbf
06001401200,0.0,usps_vac_122019_tractsum_2kx.dbf
06001423902,2713.57,usps_vac_122019_tractsum_2kx.dbf
06001401500,206.75,usps_vac_122019_tractsum_2kx.dbf
06001403400,1406.94,usps_vac_122019_tractsum_2kx.dbf
06001420300,1009.4,usps_vac_122019_tractsum_2kx.dbf
06001403702,1251.15,usps_vac_122019_tractsum_2kx.dbf
06001403900,1442.6,usps_vac_122019_tractsum_2kx.dbf
06001427800,1529.08,usps_vac_122019_tractsum_2kx.dbf
06001428400,772.0,usps_vac_122019_tractsum_2kx.dbf
06001432700,1535.0,usps_vac_122019_tractsum_2kx.dbf
06001440200,989.63,usps_vac_122019_tractsum_2kx.dbf
06001441501,526.0,usps_vac_122019_tractsum_2kx.dbf
06001444400,2462.17,usps_vac_122019_tractsum_2kx.dbf
06001440307,1197.86,usps_vac_122019_tractsum_2kx.dbf
06001406800,1535.0,usps_vac_122019_tractsum_2kx.dbf
06001409700,1435.73,usps_vac_122019_tractsum_2kx.dbf
06001408200,1501.0,usps_vac_122019_tractsum_2kx.dbf
06001407300,1535.0,usps_vac_122019_tractsum_2kx.dbf
06001406700,1535.0,usps_vac_122019_tractsum_2kx.dbf
06001409600,1306.86,usps_vac_122019_tractsum_2kx.dbf
06001442100,738.33,usps_vac_122019_tractsum_2kx.dbf
06001442400,1535.0,usps_vac_122019_tractsum_2kx.dbf
06001443103,659.67,usps_vac_122019_tractsum_2kx.dbf
06001441921,1535.0,usps_vac_122019_tractsum_2kx.dbf
06001438204,1535.0,usps_vac_122019_tractsum_2kx.dbf
06001442500,1199.0,usps_vac_122019_tractsum_2kx.dbf
06001408700,1455.55,usps_vac_122019_tractsum_2kx.dbf
06001405800,1098.57,usps_vac_122019_tractsum_2kx.dbf
06001421300,1535.0,usps_vac_122019_tractsum_2kx.dbf
06001408900,814.0,usps_vac_122019_tractsum_2kx.dbf
06001424002,1377.0,usps_vac_122019_tractsum_2kx.dbf
06001420200,1370.5,usps_vac_122019_tractsum_2kx.dbf
06001405402,879.5,usps_vac_122019_tractsum_2kx.dbf
06001427200,2748.11,usps_vac_122019_tractsum_2kx.dbf
06001440100,1535.0,usps_vac_122019_tractsum_2kx.dbf
06001406201,1493.93,usps_vac_122019_tractsum_2kx.dbf
06001437102,722.2,usps_vac_122019_tractsum_2kx.dbf
06001410500,1445.93,usps_vac_122019_tractsum_2kx.dbf
06001440306,0.0,usps_vac_122019_tractsum_2kx.dbf
06001406300,1316.5,usps_vac_122019_tractsum_2kx.dbf
06001437500,4300.0,usps_vac_122019_tractsum_2kx.dbf
06001435500,1811.5,usps_vac_122019_tractsum_2kx.dbf
06001437900,0.0,usps_vac_122019_tractsum_2kx.dbf
06001436402,0.0,usps_vac_122019_tractsum_2kx.dbf
06001435602,1360.0,usps_vac_122019_tractsum_2kx.dbf
06001435601,1535.0,usps_vac_122019_tractsum_2kx.dbf
06001450752,2247.67,usps_vac_122019_tractsum_2kx.dbf
06001430700,0.0,usps_vac_122019_tractsum_2kx.dbf
06001405901,1304.64,usps_vac_122019_tractsum_2kx.dbf
06001421700,1204.14,usps_vac_122019_tractsum_2kx.dbf
06001401100,1171.0,usps_vac_122019_tractsum_2kx.dbf
06001403000,1131.82,usps_vac_122019_tractsum_2kx.dbf
06001407800,1147.67,usps_vac_122019_tractsum_2kx.dbf
06001423601,1251.5,usps_vac_122019_tractsum_2kx.dbf
06001422800,800.29,usps_vac_122019_tractsum_2kx.dbf
06001428600,738.38,usps_vac_122019_tractsum_2kx.dbf
06001440336,988.36,usps_vac_122019_tractsum_2kx.dbf
06001432200,2043.2,usps_vac_122019_tractsum_2kx.dbf
06001408400,1501.0,usps_vac_122019_tractsum_2kx.dbf
06001450750,1535.0,usps_vac_122019_tractsum_2kx.dbf
06001410400,1247.0,usps_vac_122019_tractsum_2kx.dbf
06001408300,1463.6,usps_vac_122019_tractsum_2kx.dbf
06001441601,1230.17,usps_vac_122019_tractsum_2kx.dbf
06001437400,1535.0,usps_vac_122019_tractsum_2kx.dbf
06001430400,0.0,usps_vac_122019_tractsum_2kx.dbf
06001422700,1458.83,usps_vac_122019_tractsum_2kx.dbf
06001423500,1458.0,usps_vac_122019_tractsum_2kx.dbf
06001405401,1446.19,usps_vac_122019_tractsum_2kx.dbf
06001404501,1279.5,usps_vac_122019_tractsum_2kx.dbf
06001440331,964.0,usps_vac_122019_tractsum_2kx.dbf
06001433103,1158.87,usps_vac_122019_tractsum_2kx.dbf
06001443102,897.0,usps_vac_122019_tractsum_2kx.dbf
06001451504,964.0,usps_vac_122019_tractsum_2kx.dbf
06001401400,909.1,usps_vac_122019_tractsum_2kx.dbf
06001440333,0.0,usps_vac_122019_tractsum_2kx.dbf
06001443001,1535.0,usps_vac_122019_tractsum_2kx.dbf
06001441301,1274.0,usps_vac_122019_tractsum_2kx.dbf
06001400500,196.0,usps_vac_122019_tractsum_2kx.dbf
06001440304,1010.0,usps_vac_122019_tractsum_2kx.dbf
06001441924,1339.0,usps_vac_122019_tractsum_2kx.dbf
06001435200,0.0,usps_vac_122019_tractsum_2kx.dbf
06001435103,1535.0,usps_vac_122019_tractsum_2kx.dbf
06001441523,442.0,usps_vac_122019_tractsum_2kx.dbf
06001451703,421.0,usps_vac_122019_tractsum_2kx.dbf
06001451501,1153.25,usps_vac_122019_tractsum_2kx.dbf
06001451300,1855.0,usps_vac_122019_tractsum_2kx.dbf
06001420100,1535.0,usps_vac_122019_tractsum_2kx.dbf
06001421200,1535.0,usps_vac_122019_tractsum_2kx.dbf
06001425101,0.0,usps_vac_122019_tractsum_2kx.dbf
06001407900,0.0,usps_vac_122019_tractsum_2kx.dbf
06001422000,1535.0,usps_vac_122019_tractsum_2kx.dbf
06001405301,1486.0,usps_vac_122019_tractsum_2kx.dbf
06001401000,648.4,usps_vac_122019_tractsum_2kx.dbf
06001404600,831.4,usps_vac_122019_tractsum_2kx.dbf
06001403300,968.36,usps_vac_122019_tractsum_2kx.dbf
06001401300,1502.8,usps_vac_122019_tractsum_2kx.dbf
06001407000,1029.6,usps_vac_122019_tractsum_2kx.dbf
06001402200,1367.0,usps_vac_122019_tractsum_2kx.dbf
06001408600,1211.73,usps_vac_122019_tractsum_2kx.dbf
06001428500,1393.25,usps_vac_122019_tractsum_2kx.dbf
06001450602,1426.89,usps_vac_122019_tractsum_2kx.dbf
06001440301,1549.62,usps_vac_122019_tractsum_2kx.dbf
06001433800,1757.2,usps_vac_122019_tractsum_2kx.dbf
06001450701,1418.33,usps_vac_122019_tractsum_2kx.dbf
06001405302,1125.43,usps_vac_122019_tractsum_2kx.dbf
06001450603,0.0,usps_vac_122019_tractsum_2kx.dbf
06001450400,1084.0,usps_vac_122019_tractsum_2kx.dbf
06001444602,235.0,usps_vac_122019_tractsum_2kx.dbf
06001404900,1535.0,usps_vac_122019_tractsum_2kx.dbf
06001406500,1535.0,usps_vac_122019_tractsum_2kx.dbf
06001451403,0.0,usps_vac_122019_tractsum_2kx.dbf
06001441700,1370.36,usps_vac_122019_tractsum_2kx.dbf
06001438300,623.67,usps_vac_122019_tractsum_2kx.dbf
06001423602,1535.0,usps_vac_122019_tractsum_2kx.dbf
06001405100,1276.0,usps_vac_122019_tractsum_2kx.dbf
06001409500,0.0,usps_vac_122019_tractsum_2kx.dbf
06001444302,2443.43,usps_vac_122019_tractsum_2kx.dbf
06001407102,1535.0,usps_vac_122019_tractsum_2kx.dbf
06001983200,1290.0,usps_vac_122019_tractsum_2kx.dbf
06001423901,3671.0,usps_vac_122019_tractsum_2kx.dbf
06001402700,1215.73,usps_vac_122019_tractsum_2kx.dbf
06001421100,1206.0,usps_vac_122019_tractsum_2kx.dbf
06001401800,1486.0,usps_vac_122019_tractsum_2kx.dbf
06001423700,1459.4,usps_vac_122019_tractsum_2kx.dbf
06001442800,0.0,usps_vac_122019_tractsum_2kx.dbf
06001442900,914.5,usps_vac_122019_tractsum_2kx.dbf
06001436200,1535.0,usps_vac_122019_tractsum_2kx.dbf
06001443321,435.0,usps_vac_122019_tractsum_2kx.dbf
06001451401,1340.33,usps_vac_122019_tractsum_2kx.dbf
06001436602,4300.0,usps_vac_122019_tractsum_2kx.dbf
06001435104,1357.67,usps_vac_122019_tractsum_2kx.dbf
06001451503,3215.6,usps_vac_122019_tractsum_2kx.dbf
06001437702,407.0,usps_vac_122019_tractsum_2kx.dbf
06001431200,0.0,usps_vac_122019_tractsum_2kx.dbf
06001451505,3563.0,usps_vac_122019_tractsum_2kx.dbf
06001451704,2010.67,usps_vac_122019_tractsum_2kx.dbf
06001421500,1186.25,usps_vac_122019_tractsum_2kx.dbf
06001400100,1407.25,usps_vac_122019_tractsum_2kx.dbf
06001408000,0.0,usps_vac_122019_tractsum_2kx.dbf
06001403600,1432.33,usps_vac_122019_tractsum_2kx.dbf
06001405600,1205.52,usps_vac_122019_tractsum_2kx.dbf
06001422200,1535.0,usps_vac_122019_tractsum_2kx.dbf
06001428000,1342.5,usps_vac_122019_tractsum_2kx.dbf
06001427300,1535.0,usps_vac_122019_tractsum_2kx.dbf
06001432400,1523.33,usps_vac_122019_tractsum_2kx.dbf
06001450742,1485.0,usps_vac_122019_tractsum_2kx.dbf
06001450604,1535.0,usps_vac_122019_tractsum_2kx.dbf
06001440308,1134.0,usps_vac_122019_tractsum_2kx.dbf
06001410200,1391.38,usps_vac_122019_tractsum_2kx.dbf
06001450606,898.0,usps_vac_122019_tractsum_2kx.dbf
06001409300,1004.09,usps_vac_122019_tractsum_2kx.dbf
06001441926,0.0,usps_vac_122019_tractsum_2kx.dbf
06001430800,0.0,usps_vac_122019_tractsum_2kx.dbf
06001451506,0.0,usps_vac_122019_tractsum_2kx.dbf
06001420600,1535.0,usps_vac_122019_tractsum_2kx.dbf
06001407700,1062.5,usps_vac_122019_tractsum_2kx.dbf
06001428700,1480.4,usps_vac_122019_tractsum_2kx.dbf
06001440334,741.0,usps_vac_122019_tractsum_2kx.dbf
06001433400,1470.0,usps_vac_122019_tractsum_2kx.dbf
06001407101,1069.25,usps_vac_122019_tractsum_2kx.dbf
06001400800,415.25,usps_vac_122019_tractsum_2kx.dbf
06001409200,1327.06,usps_vac_122019_tractsum_2kx.dbf
06001409800,1230.8,usps_vac_122019_tractsum_2kx.dbf
06001410100,1494.0,usps_vac_122019_tractsum_2kx.dbf
06001442700,1535.0,usps_vac_122019_tractsum_2kx.dbf
06001431000,266.0,usps_vac_122019_tractsum_2kx.dbf
06001981900,0.0,usps_vac_122019_tractsum_2kx.dbf
06001982000,0.0,usps_vac_122019_tractsum_2kx.dbf
06001450744,1023.5,usps_vac_122019_tractsum_2kx.dbf
06001442302,1535.0,usps_vac_122019_tractsum_2kx.dbf
06001437101,918.0,usps_vac_122019_tractsum_2kx.dbf
06001435400,1899.5,usps_vac_122019_tractsum_2kx.dbf
06001430900,0.0,usps_vac_122019_tractsum_2kx.dbf
06001441925,0.0,usps_vac_122019_tractsum_2kx.dbf
06001451602,2779.8,usps_vac_122019_tractsum_2kx.dbf
06001436500,1798.7,usps_vac_122019_tractsum_2kx.dbf
06001436401,1535.0,usps_vac_122019_tractsum_2kx.dbf
06001451701,400.0,usps_vac_122019_tractsum_2kx.dbf
06001443322,0.0,usps_vac_122019_tractsum_2kx.dbf
06001441503,448.5,usps_vac_122019_tractsum_2kx.dbf
06001403501,1371.13,usps_vac_122019_tractsum_2kx.dbf
06001422900,1541.71,usps_vac_122019_tractsum_2kx.dbf
06001423100,1233.5,usps_vac_122019_tractsum_2kx.dbf
06001425103,381.45,usps_vac_122019_tractsum_2kx.dbf
06001408100,1438.17,usps_vac_122019_tractsum_2kx.dbf
06001425102,815.5,usps_vac_122019_tractsum_2kx.dbf
06001400900,292.55,usps_vac_122019_tractsum_2kx.dbf
06001423800,1535.0,usps_vac_122019_tractsum_2kx.dbf
06001403800,1535.0,usps_vac_122019_tractsum_2kx.dbf
06001405000,1513.21,usps_vac_122019_tractsum_2kx.dbf
06001405200,1361.3,usps_vac_122019_tractsum_2kx.dbf
06001428302,1535.0,usps_vac_122019_tractsum_2kx.dbf
06001428200,1979.87,usps_vac_122019_tractsum_2kx.dbf
06001450605,0.0,usps_vac_122019_tractsum_2kx.dbf
06001450741,1472.0,usps_vac_122019_tractsum_2kx.dbf
06001433200,1702.63,usps_vac_122019_tractsum_2kx.dbf
06001435900,5180.0,usps_vac_122019_tractsum_2kx.dbf
06001436000,1795.5,usps_vac_122019_tractsum_2kx.dbf
06001440332,940.0,usps_vac_122019_tractsum_2kx.dbf
06001430500,1242.11,usps_vac_122019_tractsum_2kx.dbf
06001407600,1084.75,usps_vac_122019_tractsum_2kx.dbf
06001438400,1535.0,usps_vac_122019_tractsum_2kx.dbf
06001451404,2844.14,usps_vac_122019_tractsum_2kx.dbf
06001402800,1535.0,usps_vac_122019_tractsum_2kx.dbf
06001423000,1347.62,usps_vac_122019_tractsum_2kx.dbf
06001423200,3023.4,usps_vac_122019_tractsum_2kx.dbf
06001420500,1471.42,usps_vac_122019_tractsum_2kx.dbf
06001400700,480.57,usps_vac_122019_tractsum_2kx.dbf
06001450101,1297.6,usps_vac_122019_tractsum_2kx.dbf
06001444100,1879.5,usps_vac_122019_tractsum_2kx.dbf
06001444601,1206.0,usps_vac_122019_tractsum_2kx.dbf
06001432501,1481.1,usps_vac_122019_tractsum_2kx.dbf
06001433900,1355.13,usps_vac_122019_tractsum_2kx.dbf
06001432600,1448.08,usps_vac_122019_tractsum_2kx.dbf
06001432800,1535.0,usps_vac_122019_tractsum_2kx.dbf
06001410300,1535.0,usps_vac_122019_tractsum_2kx.dbf
06001442000,0.0,usps_vac_122019_tractsum_2kx.dbf
06001421800,1535.0,usps_vac_122019_tractsum_2kx.dbf
06001402500,1535.0,usps_vac_122019_tractsum_2kx.dbf
06001433700,2422.3,usps_vac_122019_tractsum_2kx.dbf
06001435300,1376.13,usps_vac_122019_tractsum_2kx.dbf
06001436700,1535.0,usps_vac_122019_tractsum_2kx.dbf
06001435102,1535.0,usps_vac_122019_tractsum_2kx.dbf
06001451202,2269.2,usps_vac_122019_tractsum_2kx.dbf
06001442301,1356.5,usps_vac_122019_tractsum_2kx.dbf
06001436300,1338.13,usps_vac_122019_tractsum_2kx.dbf
06001443104,1357.86,usps_vac_122019_tractsum_2kx.dbf
06001430101,1535.0,usps_vac_122019_tractsum_2kx.dbf
06001430300,0.0,usps_vac_122019_tractsum_2kx.dbf
06001434000,1981.35,usps_vac_122019_tractsum_2kx.dbf
06001422500,1535.0,usps_vac_122019_tractsum_2kx.dbf
06001404400,1232.62,usps_vac_122019_tractsum_2kx.dbf
06001400400,1535.0,usps_vac_122019_tractsum_2kx.dbf
06001425104,538.2,usps_vac_122019_tractsum_2kx.dbf
06001426200,1535.0,usps_vac_122019_tractsum_2kx.dbf
06001404502,1097.8,usps_vac_122019_tractsum_2kx.dbf
06001421900,1360.42,usps_vac_122019_tractsum_2kx.dbf
06001424001,2806.59,usps_vac_122019_tractsum_2kx.dbf
06001427600,1453.33,usps_vac_122019_tractsum_2kx.dbf
06001428100,1473.6,usps_vac_122019_tractsum_2kx.dbf
06001433000,1489.5,usps_vac_122019_tractsum_2kx.dbf
06001433300,1426.5,usps_vac_122019_tractsum_2kx.dbf
06001435800,612.67,usps_vac_122019_tractsum_2kx.dbf
06001450745,0.0,usps_vac_122019_tractsum_2kx.dbf
06001406100,1462.2,usps_vac_122019_tractsum_2kx.dbf
06001407200,1535.0,usps_vac_122019_tractsum_2kx.dbf
06001404700,1430.0,usps_vac_122019_tractsum_2kx.dbf
06001431100,0.0,usps_vac_122019_tractsum_2kx.dbf
06001403502,1242.25,usps_vac_122019_tractsum_2kx.dbf
06001402600,1535.0,usps_vac_122019_tractsum_2kx.dbf
06001428301,1370.5,usps_vac_122019_tractsum_2kx.dbf
06001427100,1500.0,usps_vac_122019_tractsum_2kx.dbf
06001433500,1528.17,usps_vac_122019_tractsum_2kx.dbf
06001432502,1455.67,usps_vac_122019_tractsum_2kx.dbf
06001407400,1202.5,usps_vac_122019_tractsum_2kx.dbf
06001437701,1269.0,usps_vac_122019_tractsum_2kx.dbf
06001409100,1009.13,usps_vac_122019_tractsum_2kx.dbf
06001437600,1083.8,usps_vac_122019_tractsum_2kx.dbf
06001438000,1047.33,usps_vac_122019_tractsum_2kx.dbf
